reg,var,beta,ymean,cov1,cov2,cov3,cov4,cov5,cov6,cov7,cov8,cov9,cov10,cov11,cov12,cov13,cov14,cov15,cov16,cov17,cov18,cov19,cov20,cov21
evreg1,1bn.relative_year_bin_aux,-13.17436702995705,439.4768807690173,13.52379330779156,12.44128648829141,11.18387647079085,11.37477338214061,9.446957678575554,6.814324762539169,4.63124673294707,-.8204751588262689,1.063754580845069,0,.0291202376622625,-11.1921174288357,-13.04276706001551,-11.57298676992362,-10.61597308989236,-11.16788113713963,-9.143978684741402,-6.37253728349287,-4.359799117997916,.566540774393598,-1.576146770617863
evreg1,2.relative_year_bin_aux,-19.69060705091663,439.4768807690173,12.44128648829141,12.81636647855294,11.56329688789942,10.7323151248764,9.180627550584536,6.578527623002139,5.019032578889884,-1.87639128374573,.3242635258196737,0,.0596487538625186,-13.25860372904001,-11.9210434713852,-11.45813819536763,-10.66924519689804,-10.6010050737247,-8.881274076050364,-5.912080155925304,-4.571569755266298,1.489634128080804,-1.411969047909553
evreg1,3.relative_year_bin_aux,-9.435268538183967,439.4768807690173,11.18387647079085,11.56329688789942,11.60112044351621,10.8351189902342,9.161582264412099,6.828735142437111,4.947710711506147,-1.489339291777433,.1932403530986445,0,.0689137126671721,-10.80858252707978,-10.77207915435331,-10.17418881452954,-10.67579528684289,-10.79996888223302,-8.937000290735112,-6.169174386571221,-4.485790385486208,1.109756396494036,-1.458872666745465
evreg1,4.relative_year_bin_aux,14.82046694995603,439.4768807690173,11.37477338214061,10.7323151248764,10.8351189902342,14.14122473524398,10.67294970100311,6.556702608147405,3.274318308766367,.6593247925443076,1.725477124454575,0,-.0923367558188034,-7.975508248281534,-11.06201897519093,-11.63881575314121,-11.31445540665948,-13.82350498276318,-10.35734474119745,-6.887198248957802,-3.742603518948999,-.4168065594132935,-.2526884710054018
evreg1,5.relative_year_bin_aux,6.641554048011286,439.4768807690173,9.446957678575554,9.180627550584536,9.161582264412099,10.67294970100311,10.2464893175255,7.829934376071032,4.832769411854494,-.0405046388393773,2.106800089792891,0,-.005526195299834,-9.215628210066383,-9.083484406603734,-8.845842507269884,-8.884146866721617,-10.48928091031616,-9.978724734269678,-7.644519235104318,-4.824333505695953,-.0162234340465438,-2.092746360043178
evreg1,6.relative_year_bin_aux,2.134453268419138,439.4768807690173,6.814324762539169,6.578527623002139,6.828735142437111,6.556702608147405,7.829934376071032,8.434585381963984,5.958826692884609,-.4059108856906279,1.830743556946588,0,.0735219824365314,-8.803920881404224,-6.529857718271495,-5.225096951060576,-5.90895411398497,-6.629638344678606,-7.698986160764728,-7.799262784476126,-5.518168185584719,.0316207519768133,-3.247089553402437
evreg1,7.relative_year_bin_aux,-11.17224780297806,439.4768807690173,4.63124673294707,5.019032578889884,4.947710711506147,3.274318308766367,4.832769411854494,5.958826692884609,6.137216870191593,-2.748552734205523,-.7048276221870829,0,.1436420622004325,-9.16083142423037,-4.322396202468386,-2.680844110089007,-3.422519069417498,-3.471001326551116,-4.746487769269062,-4.919353789961233,-5.311907031240814,2.14619285306773,-1.877572668807158
evreg1,9.relative_year_bin_aux,25.25509116843198,439.4768807690173,-.8204751588262689,-1.87639128374573,-1.489339291777433,.6593247925443076,-.0405046388393773,-.4059108856906279,-2.748552734205523,5.580293017342682,6.284193508121846,0,-.124041726915787,7.823318969514514,.4837134609627524,-.1743422371136196,.21841553931402,-.6048764036065017,-.0847684439942481,-.4796269589021437,1.983839945846755,-5.103034401965755,-4.248378648625291
evreg1,10.relative_year_bin_aux,21.29392800463145,439.4768807690173,1.063754580845069,.3242635258196737,.1932403530986445,1.725477124454575,2.106800089792891,1.830743556946588,-.7048276221870829,6.284193508121846,10.67786115143735,0,-.0828490005361899,4.52627685516665,-1.234407092526374,-1.566206972744595,-.8967713841023709,-1.648547280956818,-2.104016758679431,-2.443185617867858,.0806537158186846,-5.829878286657179,-9.346812079384065
evreg1,1o.treat,0,439.4768807690173,0,0,0,0,0,0,0,0,0,0,0,0,0,0,0,0,0,0,0,0,0
evreg1,wind_direction,-1.252256682490117,439.4768807690173,.0291202376622625,.0596487538625186,.0689137126671721,-.0923367558188034,-.005526195299834,.0735219824365314,.1436420622004325,-.124041726915787,-.0828490005361899,0,.0102389805497517,-.1802341708925835,-.0332555658407386,.0787362295553169,.0183357417179956,.060724281957181,-.0097763523113995,-.0087667661959403,-.0839366204023799,.0766474819706319,-.1060766230148816
evreg1,av_wind_speed,66.76866581541897,439.4768807690173,-11.1921174288357,-13.25860372904001,-10.80858252707978,-7.975508248281534,-9.215628210066383,-8.803920881404224,-9.16083142423037,7.823318969514514,4.52627685516665,0,-.1802341708925835,57.18354102700866,9.446982508750052,8.60188722033028,7.742621188488257,7.633082190622233,8.160849262323957,6.489924204553887,7.751157823450619,-6.435635419320684,-.8434785570907416
evreg1,1bn.relative_year_bin_aux#1.treat,71.94890791054149,439.4768807690173,-13.04276706001551,-11.9210434713852,-10.77207915435331,-11.06201897519093,-9.083484406603734,-6.529857718271495,-4.322396202468386,.4837134609627524,-1.234407092526374,0,-.0332555658407386,9.446982508750052,247.0453601243584,177.3378726266932,217.1088843708772,165.9018445028286,183.27604502583,96.86911133288338,76.41881608642767,87.40017046935708,194.3191231877971
evreg1,2.relative_year_bin_aux#1.treat,49.19984094423003,439.4768807690173,-11.57298676992362,-11.45813819536763,-10.17418881452954,-11.63881575314121,-8.845842507269884,-5.225096951060576,-2.680844110089007,-.1743422371136196,-1.566206972744595,0,.0787362295553169,8.60188722033028,177.3378726266932,170.9160104527997,168.1803914170374,142.1999622638386,130.4458767199851,66.13504648609332,34.03608369344968,68.9508676218889,111.8825545273986
evreg1,3.relative_year_bin_aux#1.treat,38.00837240186939,439.4768807690173,-10.61597308989236,-10.66924519689804,-10.67579528684289,-11.31445540665948,-8.884146866721617,-5.90895411398497,-3.422519069417498,.21841553931402,-.8967713841023709,0,.0183357417179956,7.742621188488257,217.1088843708772,168.1803914170374,220.604623803579,148.7848805530852,175.7599293095357,99.50276063171553,78.81347595462026,81.24190056067906,181.1946357207944
evreg1,4.relative_year_bin_aux#1.treat,68.5442360959415,439.4768807690173,-11.16788113713963,-10.6010050737247,-10.79996888223302,-13.82350498276318,-10.48928091031616,-6.629638344678606,-3.471001326551116,-.6048764036065017,-1.648547280956818,0,.060724281957181,7.633082190622233,165.9018445028286,142.1999622638386,148.7848805530852,152.4186220795873,121.8135560866457,57.23832141240596,34.73849414147179,70.99470789815585,111.8862721537186
evreg1,5.relative_year_bin_aux#1.treat,49.70395506982102,439.4768807690173,-9.143978684741402,-8.881274076050364,-8.937000290735112,-10.35734474119745,-9.978724734269678,-7.698986160764728,-4.746487769269062,-.0847684439942481,-2.104016758679431,0,-.0097763523113995,8.160849262323957,183.27604502583,130.4458767199851,175.7599293095357,121.8135560866457,190.9307197959076,94.43641629837791,92.58019699070401,81.02149190249317,201.5401787147454
evreg1,6.relative_year_bin_aux#1.treat,-10.9064316536782,439.4768807690173,-6.37253728349287,-5.912080155925304,-6.169174386571221,-6.887198248957802,-7.644519235104318,-7.799262784476126,-4.919353789961233,-.4796269589021437,-2.443185617867858,0,-.0087667661959403,6.489924204553887,96.86911133288338,66.13504648609332,99.50276063171553,57.23832141240596,94.43641629837791,84.52846886045248,64.44151771735788,36.17726280962445,95.14192928387789
evreg1,7.relative_year_bin_aux#1.treat,-5.322269855288678,439.4768807690173,-4.359799117997916,-4.571569755266298,-4.485790385486208,-3.742603518948999,-4.824333505695953,-5.518168185584719,-5.311907031240814,1.983839945846755,.0806537158186846,0,-.0839366204023799,7.751157823450619,76.41881608642767,34.03608369344968,78.81347595462026,34.73849414147179,92.58019699070401,64.44151771735788,100.4338760993936,28.33753178730792,116.0532888072033
evreg1,9.relative_year_bin_aux#1.treat,56.77075870493087,439.4768807690173,.566540774393598,1.489634128080804,1.109756396494036,-.4168065594132935,-.0162234340465438,.0316207519768133,2.14619285306773,-5.103034401965755,-5.829878286657179,0,.0766474819706319,-6.435635419320684,87.40017046935708,68.9508676218889,81.24190056067906,70.99470789815585,81.02149190249317,36.17726280962445,28.33753178730792,89.89622289473644,123.9339233670763
evreg1,10.relative_year_bin_aux#1.treat,43.28302885329759,439.4768807690173,-1.576146770617863,-1.411969047909553,-1.458872666745465,-.2526884710054018,-2.092746360043178,-3.247089553402437,-1.877572668807158,-4.248378648625291,-9.346812079384065,0,-.1060766230148816,-.8434785570907416,194.3191231877971,111.8825545273986,181.1946357207944,111.8862721537186,201.5401787147454,95.14192928387789,116.0532888072033,123.9339233670763,365.339342723418
evreg2,1bno.relative_year_bin_aux,0,439.4768807690173,0,0,0,0,0,0,0,0,0,0,0,0,0,0,0,0,0,0,0,0,0
evreg2,2o.relative_year_bin_aux,0,439.4768807690173,0,0,0,0,0,0,0,0,0,0,0,0,0,0,0,0,0,0,0,0,0
evreg2,3o.relative_year_bin_aux,0,439.4768807690173,0,0,0,0,0,0,0,0,0,0,0,0,0,0,0,0,0,0,0,0,0
evreg2,4o.relative_year_bin_aux,0,439.4768807690173,0,0,0,0,0,0,0,0,0,0,0,0,0,0,0,0,0,0,0,0,0
evreg2,5o.relative_year_bin_aux,0,439.4768807690173,0,0,0,0,0,0,0,0,0,0,0,0,0,0,0,0,0,0,0,0,0
evreg2,6o.relative_year_bin_aux,0,439.4768807690173,0,0,0,0,0,0,0,0,0,0,0,0,0,0,0,0,0,0,0,0,0
evreg2,7o.relative_year_bin_aux,0,439.4768807690173,0,0,0,0,0,0,0,0,0,0,0,0,0,0,0,0,0,0,0,0,0
evreg2,9o.relative_year_bin_aux,0,439.4768807690173,0,0,0,0,0,0,0,0,0,0,0,0,0,0,0,0,0,0,0,0,0
evreg2,10o.relative_year_bin_aux,0,439.4768807690173,0,0,0,0,0,0,0,0,0,0,0,0,0,0,0,0,0,0,0,0,0
evreg2,1o.treat,0,439.4768807690173,0,0,0,0,0,0,0,0,0,0,0,0,0,0,0,0,0,0,0,0,0
evreg2,wind_direction,-.7321101767768707,439.4768807690173,0,0,0,0,0,0,0,0,0,0,.0091102957182108,-1.162786020401209,-.0607996384251546,.0435354787806351,-.0113899372151695,-.0022403308865309,-.0291406139895191,-.0734069960754702,-.099826152546083,.0279626473077063,-.1270151539734239
evreg2,av_wind_speed,151.1453369285339,439.4768807690173,0,0,0,0,0,0,0,0,0,0,-1.162786020401209,371.3476472617989,2.728709039011799,-8.183300927171306,-1.402847944658733,-9.050602964633219,1.31643849290681,12.1732287086021,22.56198617159465,-14.14246249013493,28.62995036658323
evreg2,1bn.relative_year_bin_aux#1.treat,63.14635332454041,439.4768807690173,0,0,0,0,0,0,0,0,0,0,-.0607996384251546,2.728709039011799,232.8960108104743,169.3074785509582,204.4147610418361,160.1206694755961,166.9623406617104,86.38608887044307,61.9843409216906,80.87256778216589,174.5102878994579
evreg2,2.relative_year_bin_aux#1.treat,47.18349444633972,439.4768807690173,0,0,0,0,0,0,0,0,0,0,.0435354787806351,-8.183300927171306,169.3074785509582,165.5280583430841,159.6012510568339,138.7563384190738,121.2282058730243,59.28405121232311,26.33493133143558,64.89647001382025,100.4923033840697
evreg2,3.relative_year_bin_aux#1.treat,37.88409282975196,439.4768807690173,0,0,0,0,0,0,0,0,0,0,-.0113899372151695,-1.402847944658733,204.4147610418361,159.6012510568339,208.6585073987872,141.9467453124354,161.8931484858487,89.54561324778633,67.37154980201427,74.0836911729351,163.6514588345954
evreg2,4.relative_year_bin_aux#1.treat,60.26854807421356,439.4768807690173,0,0,0,0,0,0,0,0,0,0,-.0022403308865309,-9.050602964633219,160.1206694755961,138.7563384190738,141.9467453124354,150.5859803031441,114.8445013346918,52.68704102440409,28.69027107533355,69.59280784183184,103.2001085865849
evreg2,5.relative_year_bin_aux#1.treat,42.67671038995346,439.4768807690173,0,0,0,0,0,0,0,0,0,0,-.0291406139895191,1.31643849290681,166.9623406617104,121.2282058730243,161.8931484858487,114.8445013346918,172.624720419984,82.34390805550515,76.73786326162922,72.77906790342327,177.6126891488106
evreg2,6.relative_year_bin_aux#1.treat,-13.96351494867904,439.4768807690173,0,0,0,0,0,0,0,0,0,0,-.0734069960754702,12.1732287086021,86.38608887044307,59.28405121232311,89.54561324778633,52.68704102440409,82.34390805550515,76.65480429888493,54.72678504621262,31.93429465450463,82.58947723549741
evreg2,7.relative_year_bin_aux#1.treat,-13.80938960676388,439.4768807690173,0,0,0,0,0,0,0,0,0,0,-.099826152546083,22.56198617159465,61.9843409216906,26.33493133143558,67.37154980201427,28.69027107533355,76.73786326162922,54.72678504621262,85.54157351956822,23.14519535792277,99.04680818247822
evreg2,9.relative_year_bin_aux#1.treat,49.66530340853595,439.4768807690173,0,0,0,0,0,0,0,0,0,0,.0279626473077063,-14.14246249013493,80.87256778216589,64.89647001382025,74.0836911729351,69.59280784183184,72.77906790342327,31.93429465450463,23.14519535792277,88.21681031113981,113.2436359194177
evreg2,10.relative_year_bin_aux#1.treat,38.56173254669937,439.4768807690173,0,0,0,0,0,0,0,0,0,0,-.1270151539734239,28.62995036658323,174.5102878994579,100.4923033840697,163.6514588345954,103.2001085865849,177.6126891488106,82.58947723549741,99.04680818247822,113.2436359194177,333.4599488324969
evreg3,1bn.relative_year_bin_aux,-89.54007143449934,439.4768807690173,423.9434115515243,366.0935048509288,310.542807754365,228.0532972151962,182.098472800321,137.6559168857777,87.02110214542185,-69.67902482682474,-108.7781108429271,0,1.511561154403698,-18.27365838142692,-5.842274853047432,18.32802970111539,-2.536404963356151,2.903938615805282,-21.13177542472947,-9.530265110733684,-22.01539783815565,-22.34563726598058,-90.4820514571848
evreg3,2.relative_year_bin_aux,-85.35643627863638,439.4768807690173,366.0935048509288,317.5642427639444,269.5203805625047,197.5005415984139,157.9766756556979,119.3061218215761,75.97113454587499,-61.22667990746982,-94.60098582910089,0,1.333810807770599,-19.37402703630002,-7.525334253761587,12.6840703931572,-5.019347752665331,.4519703249017782,-19.95582185509802,-9.151208007879152,-20.0097324219413,-17.8843390527948,-77.16773936763772
evreg3,3.relative_year_bin_aux,-64.14876428036024,439.4768807690173,310.542807754365,269.5203805625047,229.8977882710231,169.144373911063,135.1588204170708,102.1001978006973,64.73802258143984,-51.61721177247414,-80.33858933019091,0,1.130470246819812,-15.94760282329212,-7.930165595432773,9.228977157617457,-6.561120007579331,-2.064702816029111,-18.51948295914509,-9.104955935459872,-17.46728230284431,-14.91182936613352,-64.2828714330474
evreg3,4.relative_year_bin_aux,-28.96286905362268,439.4768807690173,228.0532972151962,197.5005415984139,169.144373911063,127.717574737531,101.6657403848372,76.24174750976826,47.84503457318702,-36.18833674174072,-56.38821541296878,0,.7578974509518649,-11.8841972624643,-10.32529861417562,2.603911011829667,-9.095514439733137,-7.693694080537012,-18.66955927189051,-9.663500965888749,-14.34332550183082,-13.02337904909037,-50.22407833100704
evreg3,5.relative_year_bin_aux,-26.2078389138155,439.4768807690173,182.098472800321,157.9766756556979,135.1588204170708,101.6657403848372,82.85391856259015,63.0056875038929,39.71890158337685,-29.12916957697065,-44.37423214460865,0,.6322072129505082,-12.31037533799368,-7.983449429558091,2.306696745211047,-6.829141375911713,-5.578513771898973,-15.9830351289703,-9.574179278737544,-12.7014746588539,-9.558500454602479,-39.68706883614151
evreg3,6.relative_year_bin_aux,-19.76081611046529,439.4768807690173,137.6559168857777,119.3061218215761,102.1001978006973,76.24174750976826,63.0056875038929,49.73096795222833,31.47038747773273,-22.04841801813759,-33.60467537174039,0,.4981146251666458,-11.0348259970715,-4.013182990510937,3.72338753777365,-3.274489305837492,-2.343873552400578,-10.94366587656969,-8.582854821117333,-10.51786573412671,-6.583796563711371,-28.7114336934316
evreg3,7.relative_year_bin_aux,-22.11288059591633,439.4768807690173,87.02110214542185,75.97113454587499,64.73802258143984,47.84503457318702,39.71890158337685,31.47038747773273,21.32176364148354,-16.00417542059543,-23.32144835240396,0,.3552665498308769,-10.44668490402586,-.9934609882924312,3.541716198417602,-.6442453679332482,-.1579171097805298,-5.490381117801109,-4.728222862638388,-7.519414481839564,-1.446702765570793,-14.98688642977698
evreg3,9.relative_year_bin_aux,36.27055261158132,439.4768807690173,-69.67902482682474,-61.22667990746982,-51.61721177247414,-36.18833674174072,-29.12916957697065,-22.04841801813759,-16.00417542059543,16.96339129033226,25.4931090282506,0,-.3358377451805813,8.971298787755154,-8.236237115714266,-11.02138786151455,-6.420130617263214,-6.998680924793851,-1.672484782310999,-2.216725622206905,3.420391280455444,-.8285670784256138,9.892680427137732
evreg3,10.relative_year_bin_aux,43.78767587363723,439.4768807690173,-108.7781108429271,-94.60098582910089,-80.33858933019091,-56.38821541296878,-44.37423214460865,-33.60467537174039,-23.32144835240396,25.4931090282506,42.07709865810255,0,-.5013641974719163,7.23179059795708,-16.21297322418867,-20.9154984306617,-12.17423896288967,-12.74130617760832,-4.053878089098364,-5.039468387401448,3.464698396651316,1.658651124406949,16.97547201765267
evreg3,1o.treat,0,439.4768807690173,0,0,0,0,0,0,0,0,0,0,0,0,0,0,0,0,0,0,0,0,0
evreg3,wind_direction,-1.249812642752729,439.4768807690173,1.511561154403698,1.333810807770599,1.130470246819812,.7578974509518649,.6322072129505082,.4981146251666458,.3552665498308769,-.3358377451805813,-.5013641974719163,0,.0101409033483215,-.1942297927276785,.0597401074952698,.1554293918919828,.0830162084345878,.112410476847939,.0295385355024385,.0169928034788304,-.0705850592478853,.0646645526882424,-.1187378740463207
evreg3,av_wind_speed,67.44527197606509,439.4768807690173,-18.27365838142692,-19.37402703630002,-15.94760282329212,-11.8841972624643,-12.31037533799368,-11.0348259970715,-10.44668490402586,8.971298787755154,7.23179059795708,0,-.1942297927276785,57.35911640750303,-.1754759046471679,.0633313994437116,.779371442466067,2.009074309518154,4.212864081819868,3.831783651228584,6.582657107405016,-4.844012799920168,2.330692001594454
evreg3,1bn.relative_year_bin_aux#1.treat,29.70603174560821,439.4768807690173,-5.842274853047432,-7.525334253761587,-7.930165595432773,-10.32529861417562,-7.983449429558091,-4.013182990510937,-.9934609882924312,-8.236237115714266,-16.21297322418867,0,.0597401074952698,-.1754759046471679,317.5179858900367,244.8728654020512,268.7328263156422,207.7220208378051,206.0700369322857,116.5642969954163,82.79497127701617,68.86682959865071,158.3649995310387
evreg3,2.relative_year_bin_aux#1.treat,13.02057642435722,439.4768807690173,18.32802970111539,12.6840703931572,9.228977157617457,2.603911011829667,2.306696745211047,3.72338753777365,3.541716198417602,-11.02138786151455,-20.9154984306617,0,.1554293918919828,.0633313994437116,244.8728654020512,234.8692842994194,217.5352572762785,182.1311079690605,153.0731351698811,85.02312244535069,40.51963638758036,52.13849383551679,78.09728630347553
evreg3,3.relative_year_bin_aux#1.treat,7.847974938966811,439.4768807690173,-2.536404963356151,-5.019347752665331,-6.561120007579331,-9.095514439733137,-6.829141375911713,-3.274489305837492,-.6442453679332482,-6.420130617263214,-12.17423896288967,0,.0830162084345878,.779371442466067,268.7328263156422,217.5352572762785,258.4429218550451,179.4272524217041,192.6379273068855,113.9255045344881,83.55647360610411,67.92978408005514,157.0334765289539
evreg3,4.relative_year_bin_aux#1.treat,44.40850105637493,439.4768807690173,2.903938615805282,.4519703249017782,-2.064702816029111,-7.693694080537012,-5.578513771898973,-2.343873552400578,-.1579171097805298,-6.998680924793851,-12.74130617760832,0,.112410476847939,2.009074309518154,207.7220208378051,182.1311079690605,179.4272524217041,177.2289086335097,135.5375797468158,68.92754870089217,38.60562178847825,60.2097792797005,90.09290498302796
evreg3,5.relative_year_bin_aux#1.treat,31.60799329403737,439.4768807690173,-21.13177542472947,-19.95582185509802,-18.51948295914509,-18.66955927189051,-15.9830351289703,-10.94366587656969,-5.490381117801109,-1.672484782310999,-4.053878089098364,0,.0295385355024385,4.212864081819868,206.0700369322857,153.0731351698811,192.6379273068855,135.5375797468158,197.5611961651415,100.7599923711835,94.26142639294265,74.24903738023866,192.1835958211589
evreg3,6.relative_year_bin_aux#1.treat,-22.96202963362317,439.4768807690173,-9.530265110733684,-9.151208007879152,-9.104955935459872,-9.663500965888749,-9.574179278737544,-8.582854821117333,-4.728222862638388,-2.216725622206905,-5.039468387401448,0,.0169928034788304,3.831783651228584,116.5642969954163,85.02312244535069,113.9255045344881,68.92754870089217,100.7599923711835,90.01137256019217,66.19373999907322,31.02445806378329,86.88231832260379
evreg3,7.relative_year_bin_aux#1.treat,-11.34819276348687,439.4768807690173,-22.01539783815565,-20.0097324219413,-17.46728230284431,-14.34332550183082,-12.7014746588539,-10.51786573412671,-7.519414481839564,3.420391280455444,3.464698396651316,0,-.0705850592478853,6.582657107405016,82.79497127701617,40.51963638758036,83.55647360610411,38.60562178847825,94.26142639294265,66.19373999907322,100.8182620395712,26.28818685827019,115.2570173309363
evreg3,9.relative_year_bin_aux#1.treat,62.79939021174717,439.4768807690173,-22.34563726598058,-17.8843390527948,-14.91182936613352,-13.02337904909037,-9.558500454602479,-6.583796563711371,-1.446702765570793,-.8285670784256138,1.658651124406949,0,.0646645526882424,-4.844012799920168,68.86682959865071,52.13849383551679,67.92978408005514,60.2097792797005,74.24903738023866,31.02445806378329,26.28818685827019,93.82038537397787,135.0608476375004
evreg3,10.relative_year_bin_aux#1.treat,54.59258009398287,439.4768807690173,-90.4820514571848,-77.16773936763772,-64.2828714330474,-50.22407833100704,-39.68706883614151,-28.7114336934316,-14.98688642977698,9.892680427137732,16.97547201765267,0,-.1187378740463207,2.330692001594454,158.3649995310387,78.09728630347553,157.0334765289539,90.09290498302796,192.1835958211589,86.88231832260379,115.2570173309363,135.0608476375004,397.4753219087091
evreg4,1bn.relative_year_bin_aux,-5.601476630262527,439.4768807690173,14.75861423494235,12.68364027840711,11.33694387172139,13.40106599779291,11.23823265664483,7.420086168387471,3.625910345425833,.3202576905506531,1.951179270788512,0,-.0387151835760873,-9.634185857258297,-13.09700266854334,-12.4931806378077,-11.31932472917186,-12.39250520411673,-9.766230189911967,-6.258415930479658,-3.501431485073351,.3468815472829143,-.3313653540955453
evreg4,2.relative_year_bin_aux,-17.58385785234758,439.4768807690173,12.68364027840711,12.46733621008485,11.295348184727,11.27685623098994,9.752964780601706,6.671572214475517,4.27631882082295,-1.310614415380624,.7008422924439652,0,.0331586847360661,-12.49801816795899,-11.46147549078942,-11.34588945463814,-10.58300096254077,-10.71286733662583,-8.679833067653488,-5.502365785738594,-3.844563217209816,1.40717810497124,-.6614183116995712
evreg4,3.relative_year_bin_aux,-9.455980366653487,439.4768807690173,11.33694387172139,11.295348184727,11.59887942644614,11.37587895735167,9.535290926489978,6.988792285521444,4.682644826292579,-.9397798563371796,.7232152435803536,0,.0689445138854458,-10.78543808478341,-10.56991754091572,-9.895190174132273,-10.67408454417312,-10.84768265025946,-8.957761234378561,-5.975501557599212,-4.208915789488797,1.056042970566945,-1.627376929848176
evreg4,4.relative_year_bin_aux,16.26514692049232,439.4768807690173,13.40106599779291,11.27685623098994,11.37587895735167,15.52013367789181,12.81789019125513,8.145484263440681,3.385742270026053,1.473946141222005,3.035255556939329,0,-.0945623817296461,-7.086642980698992,-12.14251758777253,-12.24110623566422,-11.94413142166657,-14.66468447547968,-11.49090328164584,-7.485352956382096,-3.847328551553824,-.6564754364021622,-.7735622513280724
evreg4,5.relative_year_bin_aux,12.22159358994073,439.4768807690173,11.23823265664483,9.752964780601706,9.535290926489978,12.81789019125513,12.74606111258254,8.686903171447071,3.917320200882651,.8251698168468353,3.141962339973956,0,-.0763326899131117,-8.303220035686049,-9.8992369132864,-10.42760379375899,-9.87572624825971,-12.02099258671615,-11.13782780527613,-7.963403918463158,-4.384568535514651,-.161168982810027,-.9284937196557334
evreg4,6.relative_year_bin_aux,9.704078119297542,439.4768807690173,7.420086168387471,6.671572214475517,6.988792285521444,8.145484263440681,8.686903171447071,8.370709399211096,4.775270654351044,.2935545164090164,1.815472315877316,0,.0042532594607317,-7.336157497245035,-6.473547622659586,-6.186818473713485,-6.630033221186938,-7.596446511435478,-8.000837004603508,-7.551584832797275,-4.665794528574398,.0801492557897929,-1.589991125067789
evreg4,7.relative_year_bin_aux,-9.048643049721843,439.4768807690173,3.625910345425833,4.27631882082295,4.682644826292579,3.385742270026053,3.917320200882651,4.775270654351044,4.994674225621618,-2.571892766910392,-1.485073258674903,0,.1167570620400789,-8.499511538430571,-3.447627617812742,-2.386802704696425,-3.339236195997326,-3.239765015303196,-3.987662867325129,-4.082841853644759,-4.397708440273212,2.374749733112929,-.6333560589868824
evreg4,9.relative_year_bin_aux,26.54444024733372,439.4768807690173,.3202576905506531,-1.310614415380624,-.9397798563371796,1.473946141222005,.8251698168468353,.2935545164090164,-2.571892766910392,5.899972143485535,6.577341309179412,0,-.1234123202597565,8.63519431546732,-.373487663040821,-.692923872523339,-.3952962889942174,-1.137353203614123,-.7706130369378055,-.8433930077268315,1.896832161543022,-5.097666106005081,-4.372141374514435
evreg4,10.relative_year_bin_aux,25.05085490276561,439.4768807690173,1.951179270788512,.7008422924439652,.7232152435803536,3.035255556939329,3.141962339973956,1.815472315877316,-1.485073258674903,6.577341309179412,10.60181604341311,0,-.1250758512627619,5.525131719289905,-1.986730623285244,-2.758232270948769,-1.840458702376645,-2.674172938250577,-2.826394653751562,-2.525945334339088,.39329923547567,-5.740833547424561,-8.352590645638646
evreg4,1o.treat,0,439.4768807690173,0,0,0,0,0,0,0,0,0,0,0,0,0,0,0,0,0,0,0,0,0
evreg4,wind_direction,-1.253895953643106,439.4768807690173,-.0387151835760873,.0331586847360661,.0689445138854458,-.0945623817296461,-.0763326899131117,.0042532594607317,.1167570620400789,-.1234123202597565,-.1250758512627619,0,.0102085842669861,-.1859284205332546,-.0016288599094418,.1003597328532272,.018219001423783,.0771434818789078,.0228196043071341,.0232351094704324,-.0618982709402108,.0909823508642989,-.0821213191602133
evreg4,av_wind_speed,67.01009703539336,439.4768807690173,-9.634185857258297,-12.49801816795899,-10.78543808478341,-7.086642980698992,-8.303220035686049,-7.336157497245035,-8.499511538430571,8.63519431546732,5.525131719289905,0,-.1859284205332546,57.10890980018382,9.077894709664612,8.576518772465995,7.675783927153201,7.619033823486517,7.737863370089755,6.148878196491188,7.862366914473266,-6.356965503350319,-1.103822575321002
evreg4,1bn.relative_year_bin_aux#1.treat,69.52513831493481,439.4768807690173,-13.09700266854334,-11.46147549078942,-10.56991754091572,-12.14251758777253,-9.8992369132864,-6.473547622659586,-3.447627617812742,-.373487663040821,-1.986730623285244,0,-.0016288599094418,9.077894709664612,246.8581472091998,179.0030370666038,216.7499541686738,166.960000528026,183.2685996389528,95.71479794809142,76.15678681760836,88.35422239010657,193.7080750461722
evreg4,2.relative_year_bin_aux#1.treat,48.03249347071452,439.4768807690173,-12.4931806378077,-11.34588945463814,-9.895190174132273,-12.24110623566422,-10.42760379375899,-6.186818473713485,-2.386802704696425,-.692923872523339,-2.758232270948769,0,.1003597328532272,8.576518772465995,179.0030370666038,172.9721467438871,168.9134071566379,143.3941802679238,132.2594961934809,66.88481429616202,35.16443986206249,70.21913114557853,113.8428594314348
evreg4,3.relative_year_bin_aux#1.treat,38.00811707369267,439.4768807690173,-11.31932472917186,-10.58300096254077,-10.67408454417312,-11.94413142166657,-9.87572624825971,-6.630033221186938,-3.339236195997326,-.3952962889942174,-1.840458702376645,0,.018219001423783,7.675783927153201,216.7499541686738,168.9134071566379,220.6099994690953,148.9781648558808,175.4731685316493,99.15853438246381,79.54404654775648,81.41309747904724,180.9410788699211
evreg4,4.relative_year_bin_aux#1.treat,68.09890419882178,439.4768807690173,-12.39250520411673,-10.71286733662583,-10.84768265025946,-14.66468447547968,-12.02099258671615,-7.596446511435478,-3.239765015303196,-1.137353203614123,-2.674172938250577,0,.0771434818789078,7.619033823486517,166.960000528026,143.3941802679238,148.9781648558808,152.5718019041336,122.5361761064487,58.38568112390557,35.7454632027012,70.77528985250605,111.7067008274809
evreg4,5.relative_year_bin_aux#1.treat,46.80036727568395,439.4768807690173,-9.766230189911967,-8.679833067653488,-8.957761234378561,-11.49090328164584,-11.13782780527613,-8.000837004603508,-3.987662867325129,-.7706130369378055,-2.826394653751562,0,.0228196043071341,7.737863370089755,183.2685996389528,132.2594961934809,175.4731685316493,122.5361761064487,190.3788537888707,93.951036306522,92.56804937982386,81.35090410583177,200.3266820542914
evreg4,6.relative_year_bin_aux#1.treat,-13.36149690551366,439.4768807690173,-6.258415930479658,-5.502365785738594,-5.975501557599212,-7.485352956382096,-7.963403918463158,-7.551584832797275,-4.082841853644759,-.8433930077268315,-2.525945334339088,0,.0232351094704324,6.148878196491188,95.71479794809142,66.88481429616202,99.15853438246381,58.38568112390557,93.951036306522,82.40148256758611,63.25931014789269,37.21543524637468,94.21702974546358
evreg4,7.relative_year_bin_aux#1.treat,-6.483973090508666,439.4768807690173,-3.501431485073351,-3.844563217209816,-4.208915789488797,-3.847328551553824,-4.384568535514651,-4.665794528574398,-4.397708440273212,1.896832161543022,.39329923547567,0,-.0618982709402108,7.862366914473266,76.15678681760836,35.16443986206249,79.54404654775648,35.7454632027012,92.56804937982386,63.25931014789269,100.6331992319717,29.47582631874027,116.8852066317419
evreg4,9.relative_year_bin_aux#1.treat,56.46905262352813,439.4768807690173,.3468815472829143,1.40717810497124,1.056042970566945,-.6564754364021622,-.161168982810027,.0801492557897929,2.374749733112929,-5.097666106005081,-5.740833547424561,0,.0909823508642989,-6.356965503350319,88.35422239010657,70.21913114557853,81.41309747904724,70.77528985250605,81.35090410583177,37.21543524637468,29.47582631874027,89.35771083881122,123.4296337506651
evreg4,10.relative_year_bin_aux#1.treat,40.76164629156733,439.4768807690173,-.3313653540955453,-.6614183116995712,-1.627376929848176,-.7735622513280724,-.9284937196557334,-1.589991125067789,-.6333560589868824,-4.372141374514435,-8.352590645638646,0,-.0821213191602133,-1.103822575321002,193.7080750461722,113.8428594314348,180.9410788699211,111.7067008274809,200.3266820542914,94.21702974546358,116.8852066317419,123.4296337506651,363.4339092341315
evreg5,1bn.relative_year_bin_aux,-25.43664584397619,439.4768807690173,54.69333505556313,51.10205663349737,47.23312018040541,35.25455819503951,18.93915859665013,12.53200685294252,10.56744952858033,-7.977064806376131,-16.43879226056048,0,.3100023937345502,-17.28369733185038,-26.73640313850008,-20.89449703101967,-25.32952454417174,-22.27265485484553,-20.41896552259544,-18.2653292247565,-14.14434147839172,-1.54661642045052,-22.66741789757791
evreg5,2.relative_year_bin_aux,-32.55922767660923,439.4768807690173,51.10205663349737,49.24162036864468,45.73506979828667,33.14060839841112,18.17417390615259,12.24968798436822,10.91003311866179,-8.687359885232722,-16.5501098623424,0,.3417639949878473,-19.18008033885938,-24.96355975958359,-20.1207347673108,-24.4874175373605,-20.83790070658405,-19.05258395632984,-16.63396561421522,-13.50348208589577,-.6470347512049686,-22.15921176069332
evreg5,3.relative_year_bin_aux,-22.39165132156277,439.4768807690173,47.23312018040541,45.73506979828667,43.95829501144959,32.16348870011434,17.75318641775598,12.30955500092592,10.75742344200804,-8.300971161978902,-17.02008991982106,0,.3389593607227044,-16.74175848445144,-20.46916921448171,-15.73740926039998,-20.99960067011259,-17.93486806594697,-17.04205999362281,-15.42346712781749,-12.42936874306741,-.5861622395455617,-19.83022448547973
evreg5,4.relative_year_bin_aux,4.123307414853452,439.4768807690173,35.25455819503951,33.14060839841112,32.16348870011434,27.34949900248714,15.25258249932472,9.552654548489818,7.254201723823965,-4.434260496672933,-11.18792221347969,0,.1347749046402889,-12.26197711234387,-17.75167122857555,-14.81893791223125,-18.50797481744428,-18.80155071464095,-16.94106128205338,-14.87792250218661,-10.84126202957719,-1.555740479186256,-14.13854247709015
evreg5,5.relative_year_bin_aux,.4328014973132557,439.4768807690173,18.93915859665013,18.17417390615259,17.75318641775598,15.25258249932472,10.9381015634045,8.394330804261097,6.770334991779321,-3.727661713157049,-6.311182896139901,0,.1138690422429094,-9.340105158059677,-8.59700739390987,-6.688222919039935,-8.636694974849233,-9.179006192237772,-9.787115475120443,-8.874061986020839,-6.946423752198223,-.360610225580914,-10.22533937916151
evreg5,6.relative_year_bin_aux,-2.449457731722908,439.4768807690173,12.53200685294252,12.24968798436822,12.30955500092592,9.552654548489818,8.394330804261097,9.238617104911201,7.757400183529778,-3.980918811321743,-6.529834074778778,0,.1442474075874598,-7.243946200014838,-1.089352837178539,1.068773993884712,-.3980476133276847,-.4905416250054781,-2.711405142133203,-4.467327969387858,-4.114296203244244,.3092984222008713,-7.146576693322308
evreg5,7.relative_year_bin_aux,-13.48482813657278,439.4768807690173,10.56744952858033,10.91003311866179,10.75742344200804,7.254201723823965,6.770334991779321,7.757400183529778,8.139404690704509,-5.578132811460916,-6.998893926880593,0,.1910312097613272,-8.066446610976874,-.0707072526783908,2.249052716607332,1.111587205592529,1.529125709201491,-.40016341200701,-1.602298257570345,-3.46144554313343,1.531432056901001,-8.701686575599217
evreg5,9.relative_year_bin_aux,22.6061819126701,439.4768807690173,-7.977064806376131,-8.687359885232722,-8.300971161978902,-4.434260496672933,-3.727661713157049,-3.980918811321743,-5.578132811460916,6.61256867143138,7.832955508864926,0,-.1828648062808899,6.93813568708563,-2.225805759560059,-4.073382626350568,-3.169101765982707,-4.107665657728062,-1.905950592175893,-1.2417829599974,1.542109112445395,-2.900723247661567,6.842458107981798
evreg5,10.relative_year_bin_aux,6.903908137170532,439.4768807690173,-16.43879226056048,-16.5501098623424,-17.02008991982106,-11.18792221347969,-6.311182896139901,-6.529834074778778,-6.998893926880593,7.832955508864926,18.44751110285013,0,-.2328078893654486,3.064109484835957,-2.778324759367962,-6.077711515504455,-3.184819635353463,-4.550120517288041,-2.378202193366922,-.912373343537167,1.43363080544845,-.6087725544450998,11.55230188965419
evreg5,1o.treat,0,439.4768807690173,0,0,0,0,0,0,0,0,0,0,0,0,0,0,0,0,0,0,0,0,0
evreg5,wind_direction,-1.253644574934772,439.4768807690173,.3100023937345502,.3417639949878473,.3389593607227044,.1347749046402889,.1138690422429094,.1442474075874598,.1910312097613272,-.1828648062808899,-.2328078893654486,0,.0100248993013772,-.1928697901794693,.0585256255588755,.1613741033008484,.0970411248634698,.1518623393515715,.0951564543332075,.0908902203252323,-.007147860382541,.051026159981744,-.2921213381061535
evreg5,av_wind_speed,66.13500413395049,439.4768807690173,-17.28369733185038,-19.18008033885938,-16.74175848445144,-12.26197711234387,-9.340105158059677,-7.243946200014838,-8.066446610976874,6.93813568708563,3.064109484835957,0,-.1928697901794693,56.79710058067175,1.373475255880392,.198277282776072,-.0886040366605635,.1662046415050663,6.095674998299837,7.486174035907307,8.421047126052512,-5.698629135676263,1.941110096359808
evreg5,1bn.relative_year_bin_aux#1.treat,29.31905759631181,439.4768807690173,-26.73640313850008,-24.96355975958359,-20.46916921448171,-17.75167122857555,-8.59700739390987,-1.089352837178539,-.0707072526783908,-2.225805759560059,-2.778324759367962,0,.0585256255588755,1.373475255880392,311.0214344375046,246.1986688609981,283.3045989965223,224.4589506494542,203.8063308092569,113.082370421922,88.53856392455454,81.79845315625367,189.0849679747754
evreg5,2.relative_year_bin_aux#1.treat,6.757112124332885,439.4768807690173,-20.89449703101967,-20.1207347673108,-15.73740926039998,-14.81893791223125,-6.688222919039935,1.068773993884712,2.249052716607332,-4.073382626350568,-6.077711515504455,0,.1613741033008484,.198277282776072,246.1986688609981,244.4978918610558,239.1568852917506,206.2097278114618,156.1553413071993,83.98817148293136,47.43376142720848,64.51470825357391,104.8457983517954
evreg5,3.relative_year_bin_aux#1.treat,-4.650145636070263,439.4768807690173,-25.32952454417174,-24.4874175373605,-20.99960067011259,-18.50797481744428,-8.636694974849233,-.3980476133276847,1.111587205592529,-3.169101765982707,-3.184819635353463,0,.0970411248634698,-.0886040366605635,283.3045989965223,239.1568852917506,289.985623720222,210.2389626540874,197.8584660264576,116.0113208981587,90.96420464010794,74.49974382399724,171.0912207297244
evreg5,4.relative_year_bin_aux#1.treat,28.66400919041098,439.4768807690173,-22.27265485484553,-20.83790070658405,-17.93486806594697,-18.80155071464095,-9.179006192237772,-.4905416250054781,1.529125709201491,-4.107665657728062,-4.550120517288041,0,.1518623393515715,.1662046415050663,224.4589506494542,206.2097278114618,210.2389626540874,209.9174092282895,145.4234854779893,74.72280852371516,46.31580878662557,69.25372771562697,110.435165445166
evreg5,5.relative_year_bin_aux#1.treat,26.42957070043221,439.4768807690173,-20.41896552259544,-19.05258395632984,-17.04205999362281,-16.94106128205338,-9.787115475120443,-2.711405142133203,-.40016341200701,-1.905950592175893,-2.378202193366922,0,.0951564543332075,6.095674998299837,203.8063308092569,156.1553413071993,197.8584660264576,145.4234854779893,200.6235581878395,108.6072541754469,99.90379385814363,78.78457732968158,201.8732394392346
evreg5,6.relative_year_bin_aux#1.treat,-23.84005388696887,439.4768807690173,-18.2653292247565,-16.63396561421522,-15.42346712781749,-14.87792250218661,-8.874061986020839,-4.467327969387858,-1.602298257570345,-1.2417829599974,-.912373343537167,0,.0908902203252323,7.486174035907307,113.082370421922,83.98817148293136,116.0113208981587,74.72280852371516,108.6072541754469,98.23634783821085,72.97493366358411,38.13732009777794,92.60312954251442
evreg5,7.relative_year_bin_aux#1.treat,-15.62563268974467,439.4768807690173,-14.14434147839172,-13.50348208589577,-12.42936874306741,-10.84126202957719,-6.946423752198223,-4.114296203244244,-3.46144554313343,1.542109112445395,1.43363080544845,0,-.007147860382541,8.421047126052512,88.53856392455454,47.43376142720848,90.96420464010794,46.31580878662557,99.90379385814363,72.97493366358411,104.9842950018871,27.28588213694912,119.6379797242578
evreg5,9.relative_year_bin_aux#1.treat,69.30593959856648,439.4768807690173,-1.54661642045052,-.6470347512049686,-.5861622395455617,-1.555740479186256,-.360610225580914,.3092984222008713,1.531432056901001,-2.900723247661567,-.6087725544450998,0,.051026159981744,-5.698629135676263,81.79845315625367,64.51470825357391,74.49974382399724,69.25372771562697,78.78457732968158,38.13732009777794,27.28588213694912,96.89079857188314,143.7446878783865
evreg5,10.relative_year_bin_aux#1.treat,104.9642553953017,439.4768807690173,-22.66741789757791,-22.15921176069332,-19.83022448547973,-14.13854247709015,-10.22533937916151,-7.146576693322308,-8.701686575599217,6.842458107981798,11.55230188965419,0,-.2921213381061535,1.941110096359808,189.0849679747754,104.8457983517954,171.0912207297244,110.435165445166,201.8732394392346,92.60312954251442,119.6379797242578,143.7446878783865,472.0565968707518
evreg6,1bn.relative_year_bin_aux,179.0093112404275,439.4768807690173,1578.349971287551,1385.874699154058,1190.17450263143,959.5343591022215,702.7691143191638,450.9020264470486,186.8307454342084,-178.7077698845979,-390.0848587851732,0,-.1373282750405373,-50.6571816890975,-45.57973233541211,-111.8619172881013,-128.3977837289143,-102.9589745695921,-148.598780556928,-116.5872535549683,-89.85637629837873,-22.66898206184055,-180.9635266764875
evreg6,2.relative_year_bin_aux,160.2387821294614,439.4768807690173,1385.874699154058,1221.10210227052,1050.785896877428,849.0059510586997,622.9136109149671,399.8616240285334,165.3650344572362,-157.6987261733044,-345.5045807167133,0,-.1181162829290626,-44.73285119190588,-49.61930076786891,-105.2430417647657,-120.0002225931961,-97.34172628013935,-134.3441925297518,-103.0790450933357,-78.73004905629629,-21.12770730890508,-158.6642413075523
evreg6,3.relative_year_bin_aux,155.2881492013843,439.4768807690173,1190.17450263143,1050.785896877428,910.1991944495478,739.6854149284333,545.6666252255972,353.2862911475767,146.7963883739558,-137.4877234664384,-302.3110627854655,0,-.1172758621422366,-34.31139473674988,-41.48439445960105,-87.24380664859379,-99.68533924800802,-80.2360833255552,-110.0037297543959,-84.95288950307568,-65.00361051488707,-18.45453650243908,-133.0462062451038
evreg6,4.relative_year_bin_aux,147.8955738357259,439.4768807690173,959.5343591022215,849.0059510586997,739.6854149284333,609.8551543198239,455.5422960524697,297.6523652242959,125.2847424052963,-111.6482515699879,-243.2662223272442,0,-.1806967284749685,-27.9783177184827,-38.15578763815197,-73.89014815643192,-82.84498203835416,-68.74778034652917,-89.97054114706864,-67.99039919260892,-52.40176659353375,-16.37966325177815,-109.5078649778815
evreg6,5.relative_year_bin_aux,127.0940687621822,439.4768807690173,702.7691143191638,622.9136109149671,545.6666252255972,455.5422960524697,347.0482302370609,230.5717713991678,99.01017679673345,-84.38250027581914,-180.9363958192622,0,-.1554673139678675,-19.67720288488525,-28.42451729401397,-54.12089076256519,-59.52852964177251,-49.52743693236901,-63.89834850914478,-48.46400462215757,-38.70099742140827,-12.41976427018713,-82.10876734949244
evreg6,6.relative_year_bin_aux,98.94806358123969,439.4768807690173,450.9020264470486,399.8616240285334,353.2862911475767,297.6523652242959,230.5717713991678,158.7781925841844,69.97236913647185,-56.69558494694994,-122.0842936628294,0,-.1135631902428501,-10.89455288414277,-15.58184059966219,-31.85231962552996,-35.57718715033536,-29.06109591153775,-36.83068385764044,-29.7724273811892,-24.08846251209558,-9.16864732821532,-52.21049750519905
evreg6,7.relative_year_bin_aux,33.9922028672099,439.4768807690173,186.8307454342084,165.3650344572362,146.7963883739558,125.2847424052963,99.01017679673345,69.97236913647185,33.53692120945011,-27.38623987203181,-53.54044382417907,0,.0182582735088597,-8.675904669959658,-4.636065842584812,-12.89682000447455,-14.38994609323901,-11.17486706772835,-14.30296309767248,-11.57047277173001,-12.17072856065112,-2.910526351808857,-26.08548256923489
evreg6,9.relative_year_bin_aux,-5.903660224405852,439.4768807690173,-178.7077698845979,-157.6987261733044,-137.4877234664384,-111.6482515699879,-84.38250027581914,-56.69558494694994,-27.38623987203181,32.29816341752142,64.13724425232485,0,-.2147096284149222,8.624193989233776,3.762150061243577,12.39417223733148,14.84121868296259,9.346027680742042,14.55061133994147,11.22897888163382,15.06663711056856,.5658021984554512,31.09177728623716
evreg6,10.relative_year_bin_aux,-49.35021303301296,439.4768807690173,-390.0848587851732,-345.5045807167133,-302.3110627854655,-243.2662223272442,-180.9363958192622,-122.0842936628294,-53.54044382417907,64.13724425232485,144.6903582237831,0,-.3041821009947735,5.966231788661918,11.9539890865636,25.64275445618354,32.94371203291798,22.25868941774239,33.1140025175206,26.6857063712677,29.00730527371794,6.503792103807689,60.32270831920435
evreg6,1o.treat,0,439.4768807690173,0,0,0,0,0,0,0,0,0,0,0,0,0,0,0,0,0,0,0,0,0
evreg6,wind_direction,-1.292504186488887,439.4768807690173,-.1373282750405373,-.1181162829290626,-.1172758621422366,-.1806967284749685,-.1554673139678675,-.1135631902428501,.0182582735088597,-.2147096284149222,-.3041821009947735,0,.0104315926345363,-.1819919151975202,.1293572480673577,.084832231788393,.0402991241709322,.1046279483816746,.0105575804909879,-.0097020370227742,-.1806755737581301,.1098853625360356,-.2843377723693065
evreg6,av_wind_speed,60.27128369503878,439.4768807690173,-50.6571816890975,-44.73285119190588,-34.31139473674988,-27.9783177184827,-19.67720288488525,-10.89455288414277,-8.675904669959658,8.624193989233776,5.966231788661918,0,-.1819919151975202,55.91194225667473,-3.108813465742618,3.829714709938346,8.836533233358658,3.830199291129756,9.746828299718317,11.69427612700591,9.483689970242645,-2.579910822120657,8.886269131778606
evreg6,1bn.relative_year_bin_aux#1.treat,28.79175383630566,439.4768807690173,-45.57973233541211,-49.61930076786891,-41.48439445960105,-38.15578763815197,-28.42451729401397,-15.58184059966219,-4.636065842584812,3.762150061243577,11.9539890865636,0,.1293572480673577,-3.108813465742618,318.2027886080384,255.7885628425351,269.0827951643458,239.8262082369134,187.9040344909075,95.73161085898471,57.81253037960797,77.33424829233604,146.0679251186109
evreg6,2.relative_year_bin_aux#1.treat,35.16093544221201,439.4768807690173,-111.8619172881013,-105.2430417647657,-87.24380664859379,-73.89014815643192,-54.12089076256519,-31.85231962552996,-12.89682000447455,12.39417223733148,25.64275445618354,0,.084832231788393,3.829714709938346,255.7885628425351,269.1888770125163,253.1999469265224,226.9864331337959,173.8816987521419,91.76133275814593,44.79752582539562,85.00750547223143,151.1705104539611
evreg6,3.relative_year_bin_aux#1.treat,38.4530277814464,439.4768807690173,-128.3977837289143,-120.0002225931961,-99.68533924800802,-82.84498203835416,-59.52852964177251,-35.57718715033536,-14.38994609323901,14.84121868296259,32.94371203291798,0,.0402991241709322,8.836533233358658,269.0827951643458,253.1999469265224,293.891352891099,232.1270219257744,212.6206756535967,124.2863272013299,88.37690675848356,87.89883276772426,210.3063196258197
evreg6,4.relative_year_bin_aux#1.treat,32.7702906665801,439.4768807690173,-102.9589745695921,-97.34172628013935,-80.2360833255552,-68.74778034652917,-49.52743693236901,-29.06109591153775,-11.17486706772835,9.346027680742042,22.25868941774239,0,.1046279483816746,3.830199291129756,239.8262082369134,226.9864331337959,232.1270219257744,241.7774732838244,179.2195347911651,95.1227271159201,54.85603513382901,91.65252668738873,160.109394244516
evreg6,5.relative_year_bin_aux#1.treat,50.14979690518096,439.4768807690173,-148.598780556928,-134.3441925297518,-110.0037297543959,-89.97054114706864,-63.89834850914478,-36.83068385764044,-14.30296309767248,14.55061133994147,33.1140025175206,0,.0105575804909879,9.746828299718317,187.9040344909075,173.8816987521419,212.6206756535967,179.2195347911651,224.4186864826523,126.6743070133419,105.0060377306271,78.53312970680471,221.8794379034667
evreg6,6.relative_year_bin_aux#1.treat,16.95885227573613,439.4768807690173,-116.5872535549683,-103.0790450933357,-84.95288950307568,-67.99039919260892,-48.46400462215757,-29.7724273811892,-11.57047277173001,11.22897888163382,26.6857063712677,0,-.0097020370227742,11.69427612700591,95.73161085898471,91.76133275814593,124.2863272013299,95.1227271159201,126.6743070133419,121.7735632913378,81.55396581025258,43.54753040017829,119.3710866591634
evreg6,7.relative_year_bin_aux#1.treat,33.21071755456725,439.4768807690173,-89.85637629837873,-78.73004905629629,-65.00361051488707,-52.40176659353375,-38.70099742140827,-24.08846251209558,-12.17072856065112,15.06663711056856,29.00730527371794,0,-.1806755737581301,9.483689970242645,57.81253037960797,44.79752582539562,88.37690675848356,54.85603513382901,105.0060377306271,81.55396581025258,118.8425993818416,20.65374642447627,147.4619298986225
evreg6,9.relative_year_bin_aux#1.treat,40.38322542508479,439.4768807690173,-22.66898206184055,-21.12770730890508,-18.45453650243908,-16.37966325177815,-12.41976427018713,-9.16864732821532,-2.910526351808857,.5658021984554512,6.503792103807689,0,.1098853625360356,-2.579910822120657,77.33424829233604,85.00750547223143,87.89883276772426,91.65252668738873,78.53312970680471,43.54753040017829,20.65374642447627,95.87196809506894,115.7682583011222
evreg6,10.relative_year_bin_aux#1.treat,92.95848815613418,439.4768807690173,-180.9635266764875,-158.6642413075523,-133.0462062451038,-109.5078649778815,-82.10876734949244,-52.21049750519905,-26.08548256923489,31.09177728623716,60.32270831920435,0,-.2843377723693065,8.886269131778606,146.0679251186109,151.1705104539611,210.3063196258197,160.109394244516,221.8794379034667,119.3710866591634,147.4619298986225,115.7682583011222,450.9444554553866
evreg7,1bno.relative_year_bin_aux,0,439.4768807690173,0,0,0,0,0,0,0,0,0,0,0,0,0,0,0,0,0,0,0,0,0
evreg7,2o.relative_year_bin_aux,0,439.4768807690173,0,0,0,0,0,0,0,0,0,0,0,0,0,0,0,0,0,0,0,0,0
evreg7,3o.relative_year_bin_aux,0,439.4768807690173,0,0,0,0,0,0,0,0,0,0,0,0,0,0,0,0,0,0,0,0,0
evreg7,4o.relative_year_bin_aux,0,439.4768807690173,0,0,0,0,0,0,0,0,0,0,0,0,0,0,0,0,0,0,0,0,0
evreg7,5o.relative_year_bin_aux,0,439.4768807690173,0,0,0,0,0,0,0,0,0,0,0,0,0,0,0,0,0,0,0,0,0
evreg7,6o.relative_year_bin_aux,0,439.4768807690173,0,0,0,0,0,0,0,0,0,0,0,0,0,0,0,0,0,0,0,0,0
evreg7,7o.relative_year_bin_aux,0,439.4768807690173,0,0,0,0,0,0,0,0,0,0,0,0,0,0,0,0,0,0,0,0,0
evreg7,9o.relative_year_bin_aux,0,439.4768807690173,0,0,0,0,0,0,0,0,0,0,0,0,0,0,0,0,0,0,0,0,0
evreg7,10o.relative_year_bin_aux,0,439.4768807690173,0,0,0,0,0,0,0,0,0,0,0,0,0,0,0,0,0,0,0,0,0
evreg7,1o.treat,0,439.4768807690173,0,0,0,0,0,0,0,0,0,0,0,0,0,0,0,0,0,0,0,0,0
evreg7,wind_direction,-.731690468964343,439.4768807690173,0,0,0,0,0,0,0,0,0,0,.0091199755828758,-1.165671472435019,.0269445027868653,.1189333489869208,.0513441939602962,.0480287106193819,.0082391589821504,-.0487531278075498,-.0875985126914507,.0147081776594185,-.1533148992074954
evreg7,av_wind_speed,151.0751134578847,439.4768807690173,0,0,0,0,0,0,0,0,0,0,-1.165671472435019,371.6819387339531,-25.49668115392178,-32.55185960314108,-21.67489477335604,-25.25919706180315,-10.70136962307075,4.202908612971591,18.61600659479301,-9.955561556624598,37.09870118965348
evreg7,1bn.relative_year_bin_aux#1.treat,21.75956145876751,439.4768807690173,0,0,0,0,0,0,0,0,0,0,.0269445027868653,-25.49668115392178,307.690985443493,239.97200738576,260.521717901778,204.8487935572479,194.8838167543751,109.1178104869176,71.52552783226804,64.09424260986145,141.7329393090785
evreg7,2.relative_year_bin_aux#1.treat,11.61427972583882,439.4768807690173,0,0,0,0,0,0,0,0,0,0,.1189333489869208,-32.55185960314108,239.97200738576,231.7349545262904,212.4145849448844,180.8744261912062,148.0038971918879,80.62327262956489,35.43537475439658,49.67414507390863,69.78233003603931
evreg7,3.relative_year_bin_aux#1.treat,8.242231061058954,439.4768807690173,0,0,0,0,0,0,0,0,0,0,.0513441939602962,-21.67489477335604,260.521717901778,212.4145849448844,250.703736171055,175.4722299676991,183.0268321756389,106.5425777136863,74.56267830422021,61.81842011485685,141.173038655258
evreg7,4.relative_year_bin_aux#1.treat,36.55331152233278,439.4768807690173,0,0,0,0,0,0,0,0,0,0,.0480287106193819,-25.25919706180315,204.8487935572479,180.8744261912062,175.4722299676991,177.3168673169625,131.685724505875,66.24228483947851,34.42236829114599,59.77181576992383,83.23257931650708
evreg7,5.relative_year_bin_aux#1.treat,24.89051240878523,439.4768807690173,0,0,0,0,0,0,0,0,0,0,.0082391589821504,-10.70136962307075,194.8838167543751,148.0038971918879,183.0268321756389,131.685724505875,182.8511070171732,90.90792079432865,80.23649588143796,66.28561565339002,168.180325906583
evreg7,6.relative_year_bin_aux#1.treat,-25.82131917353098,439.4768807690173,0,0,0,0,0,0,0,0,0,0,-.0487531278075498,4.202908612971591,109.1178104869176,80.62327262956489,106.5425777136863,66.24228483947851,90.90792079432865,83.5292285520016,57.64202553404166,27.02828941227456,74.42876179323959
evreg7,7.relative_year_bin_aux#1.treat,-19.73869345077973,439.4768807690173,0,0,0,0,0,0,0,0,0,0,-.0875985126914507,18.61600659479301,71.52552783226804,35.43537475439658,74.56267830422021,34.42236829114599,80.23649588143796,57.64202553404166,86.7385256367794,20.98496682853343,97.57753213956501
evreg7,9.relative_year_bin_aux#1.treat,55.66533878520801,439.4768807690173,0,0,0,0,0,0,0,0,0,0,.0147081776594185,-9.955561556624598,64.09424260986145,49.67414507390863,61.81842011485685,59.77181576992383,66.28561565339002,27.02828941227456,20.98496682853343,91.4744859275818,122.10211376477
evreg7,10.relative_year_bin_aux#1.treat,50.52092588779995,439.4768807690173,0,0,0,0,0,0,0,0,0,0,-.1533148992074954,37.09870118965348,141.7329393090785,69.78233003603931,141.173038655258,83.23257931650708,168.180325906583,74.42876179323959,97.57753213956501,122.10211376477,358.9510639306193
evreg8,1bn.relative_year_bin_aux,-126.9094966495972,439.4768807690173,361.2888556029734,325.1224529701745,287.0861398495269,203.4466117624169,140.7258862314499,105.4685168114343,74.39064285187008,-78.5776444773193,-148.5579627172597,0,1.515166781455627,-21.83115917677187,-37.17834823320511,-1.628732266192002,2.379352567720252,17.10369855968797,-31.39781064155272,-25.62455394957898,-31.14331452022829,-19.83649550956807,-146.6724177628807
evreg8,2.relative_year_bin_aux,-124.9422485145744,439.4768807690173,325.1224529701745,294.6087946111386,260.3822278827708,182.8848972993397,125.6976644500415,94.29919585121667,67.48317042839766,-72.92154998454124,-137.1676489476712,0,1.396296244522453,-22.16646971636716,-29.25352117333404,.9216615592802132,5.593540411915599,18.88180216484358,-23.66695996229569,-20.11272510825051,-27.00323211741156,-16.19663162251318,-127.2581041485961
evreg8,3.relative_year_bin_aux,-101.1980877013467,439.4768807690173,287.0861398495269,260.3822278827708,232.3594353161921,164.930820636669,112.7811035328465,83.58160840737921,59.36147490086481,-63.69733921089277,-121.3837584193251,0,1.220351269977455,-21.9427706010111,-24.94325369562793,1.219382669358595,4.695568167415958,15.79600796676277,-21.93933138552146,-19.48627093257857,-24.95065326242088,-13.60565754485953,-109.9856441987789
evreg8,4.relative_year_bin_aux,-56.0280112020948,439.4768807690173,203.4466117624169,182.8848972993397,164.930820636669,122.669887781472,85.0853578555049,60.85284745974823,41.72678210430043,-41.82014636513258,-79.97301407672856,0,.8030179336475111,-19.50749449043466,-26.66107720498269,-6.509732083026789,-6.224193048485354,.3966382229615958,-27.15118471470926,-20.87687740976526,-21.4004756653292,-11.77763776303736,-87.58581543134018
evreg8,5.relative_year_bin_aux,-36.94869099809749,439.4768807690173,140.7258862314499,125.6976644500415,112.7811035328465,85.0853578555049,62.44957393695992,45.67407730860915,30.77181680516516,-28.02118508478,-51.09494200833052,0,.5743393649174413,-13.52055393030161,-21.07671231550137,-6.08594894507204,-7.558387298621667,-2.670642704585387,-23.40949631791249,-17.08388587653426,-15.75697170934412,-8.321531595297904,-64.33826305879674
evreg8,6.relative_year_bin_aux,-25.57005395875569,439.4768807690173,105.4685168114343,94.29919585121667,83.58160840737921,60.85284745974823,45.67407730860915,37.07974756540513,25.54724384308053,-22.47703217495717,-41.21435456305331,0,.4617805901035777,-7.996390499919544,-10.27298802821579,.4087501685986497,-.6263414294752777,2.907245368420499,-12.32770429570905,-10.95889582822008,-10.8043191368062,-5.214484623803556,-42.50931449792409
evreg8,7.relative_year_bin_aux,-27.18390501992018,439.4768807690173,74.39064285187008,67.48317042839766,59.36147490086481,41.72678210430043,30.77181680516516,25.54724384308053,19.2770540327579,-18.69631653394406,-32.38640399774474,0,.3589132241322607,-6.383951212124357,-2.985903384777703,3.608485439748748,4.380725099238722,6.416790674102327,-3.370785910083102,-4.575997053862239,-7.024445890685185,-1.057004802765391,-24.80974060848576
evreg8,9.relative_year_bin_aux,41.33857684251662,439.4768807690173,-78.5776444773193,-72.92154998454124,-63.69733921089277,-41.82014636513258,-28.02118508478,-22.47703217495717,-18.69631653394406,24.10149228249161,42.36226598959185,0,-.3855250783390351,4.683696565378905,-4.725988717573253,-10.54359427523175,-14.61577084133626,-16.51155450507375,-5.086224494170086,-1.24643669889225,4.897698449846788,.0173745565733887,23.45517874979035
evreg8,10.relative_year_bin_aux,51.55934002124763,439.4768807690173,-148.5579627172597,-137.1676489476712,-121.3837584193251,-79.97301407672856,-51.09494200833052,-41.21435456305331,-32.38640399774474,42.36226598959185,83.54388923428998,0,-.6555057787412608,3.438223788697642,-7.584124812035569,-18.29931260748069,-26.11964687247824,-29.41994541752502,-8.377695211941266,-.2310339311370485,9.712076965007537,4.505230373560591,45.23174887563862
evreg8,1o.treat,0,439.4768807690173,0,0,0,0,0,0,0,0,0,0,0,0,0,0,0,0,0,0,0,0,0
evreg8,wind_direction,-1.281614727707901,439.4768807690173,1.515166781455627,1.396296244522453,1.220351269977455,.8030179336475111,.5743393649174413,.4617805901035777,.3589132241322607,-.3855250783390351,-.6555057787412608,0,.0101624574211973,-.1480991920156401,-.0199706463789691,.1089940901910244,.09923267949087,.1698098326909844,.0342865597546333,.0092568131135373,-.0613978831359254,.0715017128708803,-.2772639959002402
evreg8,av_wind_speed,55.76702879645708,439.4768807690173,-21.83115917677187,-22.16646971636716,-21.9427706010111,-19.50749449043466,-13.52055393030161,-7.996390499919544,-6.383951212124357,4.683696565378905,3.438223788697642,0,-.1480991920156401,54.8627122623712,3.248217475077544,1.797127429307837,4.632011113010213,4.643530989390761,9.635488064901942,8.337418266671058,7.254858912521356,-4.536707472913938,4.760246972463639
evreg8,1bn.relative_year_bin_aux#1.treat,61.33354330759317,439.4768807690173,-37.17834823320511,-29.25352117333404,-24.94325369562793,-26.66107720498269,-21.07671231550137,-10.27298802821579,-2.985903384777703,-4.725988717573253,-7.584124812035569,0,-.0199706463789691,3.248217475077544,322.0232065484098,251.5175142753675,279.7994546800059,228.1585830403082,209.7076039705606,117.2818066617927,82.10654142614939,82.2572043325691,208.0080552277299
evreg8,2.relative_year_bin_aux#1.treat,25.66474447832232,439.4768807690173,-1.628732266192002,.9216615592802132,1.219382669358595,-6.509732083026789,-6.08594894507204,.4087501685986497,3.608485439748748,-10.54359427523175,-18.29931260748069,0,.1089940901910244,1.797127429307837,251.5175142753675,244.9972509375141,237.182396025921,208.0253861356538,158.4715250914239,83.05737735267523,40.21388242626146,64.941245765332,116.7966026023344
evreg8,3.relative_year_bin_aux#1.treat,2.271872367908472,439.4768807690173,2.379352567720252,5.593540411915599,4.695568167415958,-6.224193048485354,-7.558387298621667,-.6263414294752777,4.380725099238722,-14.61577084133626,-26.11964687247824,0,.09923267949087,4.632011113010213,279.7994546800059,237.182396025921,298.2679461335468,221.0204555686778,190.1330945584653,104.7116792525117,78.50191819877976,75.40787240652166,166.2049544365348
evreg8,4.relative_year_bin_aux#1.treat,27.62559843324914,439.4768807690173,17.10369855968797,18.88180216484358,15.79600796676277,.3966382229615958,-2.670642704585387,2.907245368420499,6.416790674102327,-16.51155450507375,-29.41994541752502,0,.1698098326909844,4.643530989390761,228.1585830403082,208.0253861356538,221.0204555686778,221.6158862610807,146.1034657273725,69.38570359251206,36.35553646712853,71.23732430062326,108.0446351579963
evreg8,5.relative_year_bin_aux#1.treat,51.30759895825835,439.4768807690173,-31.39781064155272,-23.66695996229569,-21.93933138552146,-27.15118471470926,-23.40949631791249,-12.32770429570905,-3.370785910083102,-5.086224494170086,-8.377695211941266,0,.0342865597546333,9.635488064901942,209.7076039705606,158.4715250914239,190.1330945584653,146.1034657273725,203.3203578855876,110.7283788466509,90.44014465800574,77.76162211757332,213.7648232392195
evreg8,6.relative_year_bin_aux#1.treat,1.103346102235847,439.4768807690173,-25.62455394957898,-20.11272510825051,-19.48627093257857,-20.87687740976526,-17.08388587653426,-10.95889582822008,-4.575997053862239,-1.24643669889225,-.2310339311370485,0,.0092568131135373,8.337418266671058,117.2818066617927,83.05737735267523,104.7116792525117,69.38570359251206,110.7283788466509,99.68186253479833,68.25363452338753,39.11258248054204,112.9115739336416
evreg8,7.relative_year_bin_aux#1.treat,-3.892357425077606,439.4768807690173,-31.14331452022829,-27.00323211741156,-24.95065326242088,-21.4004756653292,-15.75697170934412,-10.8043191368062,-7.024445890685185,4.897698449846788,9.712076965007537,0,-.0613978831359254,7.254858912521356,82.10654142614939,40.21388242626146,78.50191819877976,36.35553646712853,90.44014465800574,68.25363452338753,101.3229242944188,29.03534753856689,129.7197848041123
evreg8,9.relative_year_bin_aux#1.treat,58.97055714622255,439.4768807690173,-19.83649550956807,-16.19663162251318,-13.60565754485953,-11.77763776303736,-8.321531595297904,-5.214484623803556,-1.057004802765391,.0173745565733887,4.505230373560591,0,.0715017128708803,-4.536707472913938,82.2572043325691,64.941245765332,75.40787240652166,71.23732430062326,77.76162211757332,39.11258248054204,29.03534753856689,100.1032337168351,142.233473866364
evreg8,10.relative_year_bin_aux#1.treat,101.0776618763082,439.4768807690173,-146.6724177628807,-127.2581041485961,-109.9856441987789,-87.58581543134018,-64.33826305879674,-42.50931449792409,-24.80974060848576,23.45517874979035,45.23174887563862,0,-.2772639959002402,4.760246972463639,208.0080552277299,116.7966026023344,166.2049544365348,108.0446351579963,213.7648232392195,112.9115739336416,129.7197848041123,142.233473866364,476.2307077912772
