reg,var,beta,ymean,cov1,cov2,cov3,cov4,cov5,cov6,cov7,cov8,cov9
evreg1,1o.post_,0,120.6867062211945,0,0,0,0,0,0,0,0,0
evreg1,1o.treat,0,120.6867062211945,0,0,0,0,0,0,0,0,0
evreg1,1.downup_ac_pop,5.269227306938483,120.6867062211945,0,0,5.912695208408485,-.0057641670410312,2.429432576701572,-1.923817632109466,-4.220278176566598,-5.9005448128555,4.224964029053735
evreg1,wind_direction,-.2692456800762563,120.6867062211945,0,0,-.0057641670410312,.0005512965170564,-.179251277482262,-.0380571083240528,.0018025376878139,.003928340997557,.0018524783461406
evreg1,av_wind_speed,177.4974319424898,120.6867062211945,0,0,2.429432576701572,-.179251277482262,236.2188170571318,36.44282853098519,1.645590988880968,-.42688546423641,-2.484301568128239
evreg1,1.post_#1.treat,34.76560032141608,120.6867062211945,0,0,-1.923817632109466,-.0380571083240528,36.44282853098519,76.57175038033719,4.467702633147886,10.46919818198058,-25.39218603741126
evreg1,1.post_#1.downup_ac_pop,-2.722277928384162,120.6867062211945,0,0,-4.220278176566598,.0018025376878139,1.645590988880968,4.467702633147886,7.838597273490461,4.217740104717538,-7.857718440191667
evreg1,1.treat#1.downup_ac_pop,-2.754988847782781,120.6867062211945,0,0,-5.9005448128555,.003928340997557,-.42688546423641,10.46919818198058,4.217740104717538,22.56118076419755,-18.53670271272805
evreg1,1.post_#1.treat#1.downup_ac_pop,3.928723159376165,120.6867062211945,0,0,4.224964029053735,.0018524783461406,-2.484301568128239,-25.39218603741126,-7.857718440191667,-18.53670271272805,44.78230444717816
