reg,var,beta,ymean,cov1,cov2,cov3,cov4,cov5,cov6,cov7,cov8,cov9,cov10,cov11,cov12,cov13,cov14,cov15,cov16,cov17,cov18,cov19,cov20,cov21,cov22,cov23,cov24,cov25,cov26,cov27,cov28
evreg1,1.Le1_abs,-.1883633184932703,120.579907483111,7.145108075818337,5.035600966413716,5.118961529869055,5.328899128196674,5.640836056295134,7.864778283979703,4.862951566003385,7.551923045100357,6.517946495469482,5.809329970227824,5.996001899786814,5.947154501615584,-9.095087737349173,.0064030516510014,,,,,,,,,,,,,,
evreg1,1.Le2_abs,-3.412003205884319,120.579907483111,5.035600966413716,7.653139369768954,6.214045239922886,5.753217633461424,6.007654372663725,7.892328962684321,5.037660461161559,8.133833154388604,6.888853002892128,6.205322011079303,7.106316290787788,6.39028555534576,-7.222937103930581,.0020387184531821,,,,,,,,,,,,,,
evreg1,1.Le3_abs,-11.61786111049438,120.579907483111,5.118961529869055,6.214045239922886,9.827629870833412,6.756285815912956,6.942805178604602,9.411183124755619,5.109437287204543,8.912416833794506,7.191617061007054,6.843147002095187,7.711116360071935,6.765869376338101,-9.027093726245553,.0126286392412296,,,,,,,,,,,,,,
evreg1,1.Le4_abs,-9.220603857622253,120.579907483111,5.328899128196674,5.753217633461424,6.756285815912956,9.798605033184131,8.010501043590848,10.59871247354541,5.4420262343607,8.899854381569543,7.854132758488322,7.399437908941132,7.962687418192473,7.363442910898951,-7.957826066471395,.0146315988182684,,,,,,,,,,,,,,
evreg1,1.Le5_abs,-12.42508582978327,120.579907483111,5.640836056295134,6.007654372663725,6.942805178604602,8.010501043590848,11.4750754778752,14.19017778225215,6.143851505371573,10.71082872134696,8.879311654133987,7.906674892448348,8.502362180367195,7.087472696299191,-7.928678348277733,.0161038403643207,,,,,,,,,,,,,,
evreg1,1.Le6_abs,-11.02583296543339,120.579907483111,7.864778283979703,7.892328962684321,9.411183124755619,10.59871247354541,14.19017778225215,38.14290101301763,5.121575079863512,12.52418638735394,12.6597010166389,12.38101673017834,11.45703404313505,9.091331220251961,-23.32483896091468,.0265027180555494,,,,,,,,,,,,,,
evreg1,1.La1_abs,-13.98713102341632,120.579907483111,4.862951566003385,5.037660461161559,5.109437287204543,5.4420262343607,6.143851505371573,5.121575079863512,12.78161214126715,7.046024949799504,5.702391276411608,4.736392369223882,5.089972101446716,4.1254875052742,-1.810435449166221,.0178565775872979,,,,,,,,,,,,,,
evreg1,1.La2_abs,-12.66342136888792,120.579907483111,7.551923045100357,8.133833154388604,8.912416833794506,8.899854381569543,10.71082872134696,12.52418638735394,7.046024949799504,23.19068173255239,11.5996516161469,9.251888563147405,9.204547892150796,7.80933702463342,-15.501723507703,.0229494381938914,,,,,,,,,,,,,,
evreg1,1.La3_abs,-8.388270554572978,120.579907483111,6.517946495469482,6.888853002892128,7.191617061007054,7.854132758488322,8.879311654133987,12.6597010166389,5.702391276411608,11.5996516161469,12.05436218500341,8.869802054242397,9.097780603940025,8.29572478561076,-14.4537569703532,.0139259276987206,,,,,,,,,,,,,,
evreg1,1.La4_abs,-8.203440899361361,120.579907483111,5.809329970227824,6.205322011079303,6.843147002095187,7.399437908941132,7.906674892448348,12.38101673017834,4.736392369223882,9.251888563147405,8.869802054242397,9.541778889447762,9.553981079515459,8.100578021442061,-12.24702725093492,.0094722136634914,,,,,,,,,,,,,,
evreg1,1.La5_abs,-16.6335576876298,120.579907483111,5.996001899786814,7.106316290787788,7.711116360071935,7.962687418192473,8.502362180367195,11.45703404313505,5.089972101446716,9.204547892150796,9.097780603940025,9.553981079515459,16.64933410909882,11.91342440141394,-11.2825877778114,.0146463773702175,,,,,,,,,,,,,,
evreg1,1.La6_abs,-8.947362259122819,120.579907483111,5.947154501615584,6.39028555534576,6.765869376338101,7.363442910898951,7.087472696299191,9.091331220251961,4.1254875052742,7.80933702463342,8.29572478561076,8.100578021442061,11.91342440141394,18.72996942894979,-20.98616118559609,.0074708773905587,,,,,,,,,,,,,,
evreg1,av_wind_speed,3.154910506537232,120.579907483111,-9.095087737349173,-7.222937103930581,-9.027093726245553,-7.957826066471395,-7.928678348277733,-23.32483896091468,-1.810435449166221,-15.501723507703,-14.4537569703532,-12.24702725093492,-11.2825877778114,-20.98616118559609,288.2890952446306,-.07377832547787,,,,,,,,,,,,,,
evreg1,wind_direction,-.0953403292893065,120.579907483111,.0064030516510014,.0020387184531821,.0126286392412296,.0146315988182684,.0161038403643207,.0265027180555494,.0178565775872979,.0229494381938914,.0139259276987206,.0094722136634914,.0146463773702175,.0074708773905587,-.07377832547787,.0019504801315911,,,,,,,,,,,,,,
evreg2,av_wind_speed,1.79316828177938,120.579907483111,289.3248260592683,-.0755591725395255,7.091957885533733,0,11.70249801388167,0,-3.875085612239761,-11.82044145044522,-7.488407610280421,-11.61516887217695,-3.316071325299296,-15.5543837839134,-4.363796987243732,-13.89352824011722,-18.82208215437305,-30.5506044266383,-3.442710111498538,1.347010267348061,-12.9571673656448,-18.74900112065358,-10.21139508214622,-21.18245400116728,-9.615228184414821,-17.00338451366358,-6.243847263403391,-19.93688713677921,-4.928873117149141,-46.2778416898373
evreg2,wind_direction,-.0918416521896161,120.579907483111,-.0755591725395255,.0019543459373779,-.0026999125436726,0,-.0119345933870962,0,-.0037503124776676,.010629373868183,.0084105067281261,.0193252402816158,.0136884915283248,.0158081045025959,.0137226464730413,.0188686267500725,.0291730756559851,.0222092500213875,.0101251192744407,.0274301080847737,.0189924771155493,.0275238653948402,.0095654449095422,.0204433905752652,.0033660496259734,.0194444324074038,.003328649379328,.0323417813421355,.0035150605897906,.0152273750967169
evreg2,0bn.Le1_abs#0bn.rice_area_aclvl_ahigh,-8.01763178871609,120.579907483111,7.091957885533733,-.0026999125436726,8.363806169116517,0,-.0350021638304928,0,-5.392611098671808,.0395848419857684,-5.795266821812516,.0280637358711543,-5.883404678865529,.0815540669940674,-6.208431183116017,.1214947844647003,-11.73902434186564,.1651487417223075,-4.682289180315291,-.00630574923308,-8.033681117428911,.0213804386234367,-6.431048328369785,.0064744472991149,-6.44468123060172,-.0221134790483691,-5.936038271741966,-.0415553612393809,-5.738161485662638,-.0021876984056635
evreg2,1o.Le1_abs#0bno.rice_area_aclvl_ahigh,0,120.579907483111,0,0,0,0,0,0,0,0,0,0,0,0,0,0,0,0,0,0,0,0,0,0,0,0,0,0,0,0
evreg2,0bn.Le1_abs#1.rice_area_aclvl_ahigh,11.23885652408708,120.579907483111,11.70249801388167,-.0119345933870962,-.0350021638304928,0,24.44388822816617,0,.0650917324264553,-18.23737254454037,.0644386642928381,-17.78206016173054,.1366155981171361,-19.3135222427275,.1768554722766084,-20.64160901303012,.1675810522549054,-22.16028379175354,-.0684221161669301,-18.13779427362121,-.0475917309945237,-27.54559330193367,-.0686095989869978,-24.78285254603498,-.1122381549755151,-20.81249040389025,-.1420505794643783,-22.88974493104298,-.1071507070767167,-23.10952798423277
evreg2,1o.Le1_abs#1o.rice_area_aclvl_ahigh,0,120.579907483111,0,0,0,0,0,0,0,0,0,0,0,0,0,0,0,0,0,0,0,0,0,0,0,0,0,0,0,0
evreg2,1.Le2_abs#0bn.rice_area_aclvl_ahigh,5.186233149981028,120.579907483111,-3.875085612239761,-.0037503124776676,-5.392611098671808,0,.0650917324264553,0,9.559276640051634,-.069968699608684,7.484593715351514,-.0613441593066925,6.555629220183449,-.1098380929988106,6.948560986153091,-.1278686669566283,11.5881068180077,-.2138854081751995,5.091322327943925,.0145126034238452,9.171143394261572,-.0752966637726972,7.398540581588541,-.0752938050101671,7.267684832327144,-.043175466927524,8.120995215901599,-.0388965963245786,6.736618425774681,-.1573500349469242
evreg2,1.Le2_abs#1.rice_area_aclvl_ahigh,-15.08437535569303,120.579907483111,-11.82044145044522,.010629373868183,.0395848419857684,0,-18.23737254454037,0,-.069968699608684,25.35482612844593,-.0693401512504463,21.00325978640477,-.1402512081649389,20.60120992511067,-.1817792453976592,21.40012813701195,-.1782529414306522,23.02956856563161,.0698497154930904,18.56249424923531,.0436014061117384,28.38716598312621,.0653027565838382,25.12545340405946,.1097623326647086,21.62355845196137,.1430354424601611,25.15361294374821,.1090324565559042,23.98248173787101
evreg2,1.Le3_abs#0bn.rice_area_aclvl_ahigh,-1.603674255255052,120.579907483111,-7.488407610280421,.0084105067281261,-5.795266821812516,0,.0644386642928381,0,7.484593715351514,-.0693401512504463,11.70875510419064,-.0522474648572488,8.100750166600102,-.1267455506594395,8.668818744226241,-.1707927401732418,14.82598888484144,-.2626892837376998,5.456321436794795,.0160994950525205,10.76696334863912,-.0646027694569277,8.184682293111289,-.0545152033943367,8.146078861604463,-.0097733518319865,8.78882141769895,.0092990982085983,7.471425293859084,-.1077793263062964
evreg2,1.Le3_abs#1.rice_area_aclvl_ahigh,-25.24956799428446,120.579907483111,-11.61516887217695,.0193252402816158,.0280637358711543,0,-17.78206016173054,0,-.0613441593066925,21.00325978640477,-.0522474648572488,34.10860168667916,-.1210587722867628,23.40744859039735,-.1605166300071035,23.26760355545835,-.1341321608842263,25.2273746772575,.073558808243187,17.85622999990224,.0668010028735498,29.35029089482998,.0800643068819782,25.16285661442361,.1171781093075895,23.54191088063144,.1412857665746956,27.33315283343753,.1033330466600385,24.82773338310181
evreg2,1.Le4_abs#0bn.rice_area_aclvl_ahigh,-2.03854687393027,120.579907483111,-3.316071325299296,.0136884915283248,-5.883404678865529,0,.1366155981171361,0,6.555629220183449,-.1402512081649389,8.100750166600102,-.1210587722867628,12.04188814516131,-.2135044608891757,9.589002957918852,-.2362433261311658,15.83208556562047,-.441248240337075,5.581883734900099,.030615427138762,10.11573396753047,-.1919785526230205,8.538754757841915,-.2056271759939259,8.587757286759844,-.1359148521914459,8.254438997275429,-.139916273690307,7.398273762382706,-.4512055897763578
evreg2,1.Le4_abs#1.rice_area_aclvl_ahigh,-18.95423029847273,120.579907483111,-15.5543837839134,.0158081045025959,.0815540669940674,0,-19.3135222427275,0,-.1098380929988106,20.60120992511067,-.1267455506594395,23.40744859039735,-.2135044608891757,34.50542201788812,-.2757990122271899,28.75923340591647,-.3279462508791716,31.32785006848617,.0816515802160728,19.69807302784583,.0085756607353194,31.57042952486765,.0524508598397702,29.40880153483084,.1190479245130536,26.83219140333192,.1767992425278898,31.12205308502694,.132622506395511,29.94872801834187
evreg2,1.Le5_abs#0bn.rice_area_aclvl_ahigh,3.121949427986592,120.579907483111,-4.363796987243732,.0137226464730413,-6.208431183116017,0,.1768554722766084,0,6.948560986153091,-.1817792453976592,8.668818744226241,-.1605166300071035,9.589002957918852,-.2757990122271899,14.96024088285751,-.3047976237296557,22.09424536237674,-.5633283346438934,6.161010004365777,.0314887240969512,12.73945845108701,-.2488558507632342,10.01163294811596,-.2638326900711536,9.619681501703409,-.1762611273852209,9.862544557940671,-.1847388605863522,7.796059204441715,-.5697766486133514
evreg2,1.Le5_abs#1.rice_area_aclvl_ahigh,-35.70193857844445,120.579907483111,-13.89352824011722,.0188686267500725,.1214947844647003,0,-20.64160901303012,0,-.1278686669566283,21.40012813701195,-.1707927401732418,23.26760355545835,-.2362433261311658,28.75923340591647,-.3047976237296557,38.36182722756692,-.4437364939477793,39.75388453775697,.0571277588979856,22.9016638232681,-.0704280989641002,37.1064642683511,-.0072191851719754,32.54559360823158,.0644314899709635,27.67719202557235,.1386584208048487,30.77163483527557,.0995004404742744,27.40103817462326
evreg2,1.Le6_abs#0bn.rice_area_aclvl_ahigh,6.531060026801382,120.579907483111,-18.82208215437305,.0291730756559851,-11.73902434186564,0,.1675810522549054,0,11.5881068180077,-.1782529414306522,14.82598888484144,-.1341321608842263,15.83208556562047,-.3279462508791716,22.09424536237674,-.4437364939477793,61.51591542460842,-.6872967570107106,5.944459523803841,.035721802392851,21.27630544954996,-.177381965810743,18.12861414948784,-.1510332840995923,18.55249686731726,-.0327097240904447,15.67811695332708,.0135786812135763,12.43500767575231,-.2977719740494674
evreg2,1.Le6_abs#1.rice_area_aclvl_ahigh,-36.8164730600884,120.579907483111,-30.5506044266383,.0222092500213875,.1651487417223075,0,-22.16028379175354,0,-.2138854081751995,23.02956856563161,-.2626892837376998,25.2273746772575,-.441248240337075,31.32785006848617,-.5633283346438934,39.75388453775697,-.6872967570107106,101.9282051173822,.1484875145812308,16.77620663698435,-.0106382607690627,28.93838624027224,.0885349759937983,37.67901513870701,.229423668828666,34.98068847614636,.3464694465285564,35.52164732866495,.2624375959947118,28.71736176148493
evreg2,1.La1_abs#0bn.rice_area_aclvl_ahigh,-1.069766572961925,120.579907483111,-3.442710111498538,.0101251192744407,-4.682289180315291,0,-.0684221161669301,0,5.091322327943925,.0698497154930904,5.456321436794795,.073558808243187,5.581883734900099,.0816515802160728,6.161010004365777,.0571277588979856,5.944459523803841,.1484875145812308,13.57405605832266,-.0083642646234897,7.382032883170898,.1116677511222912,5.37792961317732,.1311826574838241,4.730933205429987,.1148054925356036,5.219174332632306,.1391843514262498,3.875659602831421,.2890147588755445
evreg2,1.La1_abs#1.rice_area_aclvl_ahigh,-31.80188360019647,120.579907483111,1.347010267348061,.0274301080847737,-.00630574923308,0,-18.13779427362121,0,.0145126034238452,18.56249424923531,.0160994950525205,17.85622999990224,.030615427138762,19.69807302784583,.0314887240969512,22.9016638232681,.035721802392851,16.77620663698435,-.0083642646234897,46.2507710418717,.0094230852952003,25.62998258999839,.0027132660583964,21.66991102169719,-.0110648047247683,17.69921170165863,-.027113910694562,18.51715616981198,-.0370621571597977,15.35297598437691
evreg2,1.La2_abs#0bn.rice_area_aclvl_ahigh,6.270492802908883,120.579907483111,-12.9571673656448,.0189924771155493,-8.033681117428911,0,-.0475917309945237,0,9.171143394261572,.0436014061117384,10.76696334863912,.0668010028735498,10.11573396753047,.0085756607353194,12.73945845108701,-.0704280989641002,21.27630544954996,-.0106382607690627,7.382032883170898,.0094230852952003,25.51359563270412,.1235044954688475,12.73922717061038,.1628155680812366,10.91337607670972,.1780393510404774,10.03097122421838,.2380726999181981,7.822480182487913,.3650737887289515
evreg2,1.La2_abs#1.rice_area_aclvl_ahigh,-39.21463219110724,120.579907483111,-18.74900112065358,.0275238653948402,.0213804386234367,0,-27.54559330193367,0,-.0752966637726972,28.38716598312621,-.0646027694569277,29.35029089482998,-.1919785526230205,31.57042952486765,-.2488558507632342,37.1064642683511,-.177381965810743,28.93838624027224,.1116677511222912,25.62998258999839,.1235044954688475,83.45965535056762,.1465570490895961,41.54864139881472,.2095375943292189,31.78988512583259,.2344862425222642,33.20462402382453,.1712366143941216,29.241511021702
evreg2,1.La3_abs#0bn.rice_area_aclvl_ahigh,3.742943784466306,120.579907483111,-10.21139508214622,.0095654449095422,-6.431048328369785,0,-.0686095989869978,0,7.398540581588541,.0653027565838382,8.184682293111289,.0800643068819782,8.538754757841915,.0524508598397702,10.01163294811596,-.0072191851719754,18.12861414948784,.0885349759937983,5.37792961317732,.0027132660583964,12.73922717061038,.1465570490895961,12.13628656591256,.1820877705040961,9.989522165948324,.1786248847799727,9.459189475471897,.2298692669095119,7.765222348991458,.4057853126359909
evreg2,1.La3_abs#1.rice_area_aclvl_ahigh,-25.60127517607778,120.579907483111,-21.18245400116728,.0204433905752652,.0064744472991149,0,-24.78285254603498,0,-.0752938050101671,25.12545340405946,-.0545152033943367,25.16285661442361,-.2056271759939259,29.40880153483084,-.2638326900711536,32.54559360823158,-.1510332840995923,37.67901513870701,.1311826574838241,21.66991102169719,.1628155680812366,41.54864139881472,.1820877705040961,46.62344036530813,.2519804115538593,32.08534923714007,.2752441468314165,34.65025084789199,.2077831009299949,33.40012854865898
evreg2,1.La4_abs#0bn.rice_area_aclvl_ahigh,2.230896386704391,120.579907483111,-9.615228184414821,.0033660496259734,-6.44468123060172,0,-.1122381549755151,0,7.267684832327144,.1097623326647086,8.146078861604463,.1171781093075895,8.587757286759844,.1190479245130536,9.619681501703409,.0644314899709635,18.55249686731726,.229423668828666,4.730933205429987,-.0110648047247683,10.91337607670972,.2095375943292189,9.989522165948324,.2519804115538593,11.75338933083909,.2257837689525733,10.87511697602341,.2781562115609755,8.53235993041684,.5646194754597998
evreg2,1.La4_abs#1.rice_area_aclvl_ahigh,-23.67655425091176,120.579907483111,-17.00338451366358,.0194444324074038,-.0221134790483691,0,-20.81249040389025,0,-.043175466927524,21.62355845196137,-.0097733518319865,23.54191088063144,-.1359148521914459,26.83219140333192,-.1762611273852209,27.67719202557235,-.0327097240904447,34.98068847614636,.1148054925356036,17.69921170165863,.1780393510404774,31.78988512583259,.1786248847799727,32.08534923714007,.2257837689525733,32.71903796413153,.2296742368372029,34.72103746858576,.1727587200788738,30.78540281136281
evreg2,1.La5_abs#0bn.rice_area_aclvl_ahigh,-8.780715470416348,120.579907483111,-6.243847263403391,.003328649379328,-5.936038271741966,0,-.1420505794643783,0,8.120995215901599,.1430354424601611,8.78882141769895,.1412857665746956,8.254438997275429,.1767992425278898,9.862544557940671,.1386584208048487,15.67811695332708,.3464694465285564,5.219174332632306,-.027113910694562,10.03097122421838,.2344862425222642,9.459189475471897,.2752441468314165,10.87511697602341,.2296742368372029,21.81007960530461,.2710294828496826,14.11342603370679,.6180103205570253
evreg2,1.La5_abs#1.rice_area_aclvl_ahigh,-28.30231632252014,120.579907483111,-19.93688713677921,.0323417813421355,-.0415553612393809,0,-22.88974493104298,0,-.0388965963245786,25.15361294374821,.0092990982085983,27.33315283343753,-.139916273690307,31.12205308502694,-.1847388605863522,30.77163483527557,.0135786812135763,35.52164732866495,.1391843514262498,18.51715616981198,.2380726999181981,33.20462402382453,.2298692669095119,34.65025084789199,.2781562115609755,34.72103746858576,.2710294828496826,54.5521824289807,.1988718790189159,42.02411976392133
evreg2,1.La6_abs#0bn.rice_area_aclvl_ahigh,-1.618915407529037,120.579907483111,-4.928873117149141,.0035150605897906,-5.738161485662638,0,-.1071507070767167,0,6.736618425774681,.1090324565559042,7.471425293859084,.1033330466600385,7.398273762382706,.132622506395511,7.796059204441715,.0995004404742744,12.43500767575231,.2624375959947118,3.875659602831421,-.0370621571597977,7.822480182487913,.1712366143941216,7.765222348991458,.2077831009299949,8.53235993041684,.1727587200788738,14.11342603370679,.1988718790189159,21.86277769459118,.4832297853375599
evreg2,1.La6_abs#1.rice_area_aclvl_ahigh,-19.44820602749374,120.579907483111,-46.2778416898373,.0152273750967169,-.0021876984056635,0,-23.10952798423277,0,-.1573500349469242,23.98248173787101,-.1077793263062964,24.82773338310181,-.4512055897763578,29.94872801834187,-.5697766486133514,27.40103817462326,-.2977719740494674,28.71736176148493,.2890147588755445,15.35297598437691,.3650737887289515,29.241511021702,.4057853126359909,33.40012854865898,.5646194754597998,30.78540281136281,.6180103205570253,42.02411976392133,.4832297853375599,67.16490854366469
evreg3,av_wind_speed,4.741925510062779,120.579907483111,288.8581403017209,-.0716693629166787,4.961663882772466,0,13.87673006505682,0,-3.284969607884287,-11.95788190230054,-8.362400780192049,-9.990405726411961,-3.413653481179473,-14.28433835403366,-2.66501135415845,-15.97985682424232,-10.13862376693849,-41.72527063009868,-1.663628474806561,-1.574445156575201,-9.184218936445658,-24.1174123020131,-6.588356433250955,-25.4466386127704,-7.369409387909287,-19.25217944495809,-6.352908530191868,-18.43382388533807,-21.63916614789884,-20.13159399341994
evreg3,wind_direction,-.0900407434332415,120.579907483111,-.0716693629166787,.0019490286698289,-.0010567799238457,0,-.0127321460813316,0,-.0069429341567304,.0128702746793206,.0036688970008729,.023515745826478,.0092931266317506,.0205875372664822,.0108928095519926,.0204009510708174,.025721666919137,.024734730068779,.0066192789043598,.0290045937258893,.0151863056418979,.0288505575357569,.0068497958248963,.0206676759376046,-.0007321484792598,.022318678276883,-.004181993303585,.0393414488008874,-.0026279801833968,.0210987247706137
evreg3,0bn.Le1_abs#0bn.rice_harvarea_aclvl_ahigh,-1.543699655355036,120.579907483111,4.961663882772466,-.0010567799238457,5.25030951073623,0,-.0254539665902544,0,-3.541386850580376,.0274455798608245,-3.879214119385456,.0080155145465423,-4.017465359482173,.0337596236464514,-4.538700288409701,.0596229660093179,-9.760764674014643,.078250551425496,-2.319230917964687,-.0150915499102111,-6.037611718770307,-.0108953152823426,-4.446686603774842,-.0206554907583363,-4.31156122335194,-.0405762035469378,-3.409453106933949,-.0559530766825029,-3.508075501477412,-.0527076919514766
evreg3,1o.Le1_abs#0bno.rice_harvarea_aclvl_ahigh,0,120.579907483111,0,0,0,0,0,0,0,0,0,0,0,0,0,0,0,0,0,0,0,0,0,0,0,0,0,0,0,0
evreg3,0bn.Le1_abs#1.rice_harvarea_aclvl_ahigh,2.063205961815346,120.579907483111,13.87673006505682,-.0127321460813316,-.0254539665902544,0,26.58757392004414,0,.0677312750637152,-19.31479497701054,.1034549396904292,-19.06513045840351,.2035616552377652,-20.13456868736096,.2484050504167028,-21.08970498021706,.2372367731451682,-24.00450741202952,-.0585234514645767,-18.98435744717099,-.01984697257917,-27.70832193376869,-.0581170081869658,-24.95741029665378,-.1065472095313518,-22.06413014725683,-.1399726621223959,-24.32917560298419,-.0490749317506779,-24.0553536713062
evreg3,1o.Le1_abs#1o.rice_harvarea_aclvl_ahigh,0,120.579907483111,0,0,0,0,0,0,0,0,0,0,0,0,0,0,0,0,0,0,0,0,0,0,0,0,0,0,0,0
evreg3,1.Le2_abs#0bn.rice_harvarea_aclvl_ahigh,.9605308789001525,120.579907483111,-3.284969607884287,-.0069429341567304,-3.541386850580376,0,.0677312750637152,0,6.647463221859829,-.0641476990579584,5.511080758325047,-.0400779209321967,4.540981619637102,-.0751160555736557,4.921448873024899,-.0973105847376711,9.387701990589145,-.1939292568017525,2.784269771464757,.0160315345099999,6.646832832041431,-.0617641104756775,5.119805910941493,-.0588367715124003,5.074413807316848,-.0226398289873975,5.474145591372056,-.0039239799506112,4.298764830658473,-.0151837746139833
evreg3,1.Le2_abs#1.rice_harvarea_aclvl_ahigh,-8.450534276567915,120.579907483111,-11.95788190230054,.0128702746793206,.0274455798608245,0,-19.31479497701054,0,-.0641476990579584,27.89825113305337,-.098908706598937,22.50727629514112,-.1809671520786357,21.85543338228173,-.2195220789615059,22.66790044084653,-.2145462572664923,25.24681713337734,.0512309562416374,19.78356748638898,.0115563206933618,29.77648004015911,.0465109377347656,26.26945315931851,.0867634462599902,23.43578084033572,.1162387270478753,27.35336071251077,.0192406498277272,25.68022827796721
evreg3,1.Le3_abs#0bn.rice_harvarea_aclvl_ahigh,-3.140865394774925,120.579907483111,-8.362400780192049,.0036688970008729,-3.879214119385456,0,.1034549396904292,0,5.511080758325047,-.098908706598937,10.38914131072945,-.0493474581602229,6.143353973865877,-.1185048235269089,6.458400128015869,-.1765358866980384,12.35976690159443,-.3211263523703612,3.2356880261401,.0316392341492799,8.448606746447279,-.072481384388282,6.009256604952252,-.0621441171724635,6.082049756942901,.0034312199036068,6.240438487972579,.0423093528847757,5.684908877153664,.022632191413566
evreg3,1.Le3_abs#1.rice_harvarea_aclvl_ahigh,-21.72724824227945,120.579907483111,-9.990405726411961,.023515745826478,.0080155145465423,0,-19.06513045840351,0,-.0400779209321967,22.50727629514112,-.0493474581602229,33.05544052274429,-.1227980222695064,24.65836793008451,-.1544889202998247,25.11887775283421,-.1248308076271236,28.62960631842386,.0468837271305518,19.0617909378151,.0453299912072725,30.58307403660026,.0629913006112124,26.50668527039301,.0910139579754093,25.24665839019221,.1057762654715878,29.46616181570418,.0603651899415254,25.50652245786683
evreg3,1.Le4_abs#0bn.rice_harvarea_aclvl_ahigh,-3.536662372532249,120.579907483111,-3.413653481179473,.0092931266317506,-4.017465359482173,0,.2035616552377652,0,4.540981619637102,-.1809671520786357,6.143353973865877,-.1227980222695064,10.25514548671289,-.2165762518508143,7.104702176657345,-.2801879440101747,13.10027537192903,-.6340361725713674,3.516921894989294,.0115033878339205,7.873703964472209,-.2801788883368984,6.264947001440736,-.2873356396673194,6.297802466734873,-.1784053010322825,5.535262424041407,-.1383799314233011,5.42490329197464,-.1731253034423867
evreg3,1.Le4_abs#1.rice_harvarea_aclvl_ahigh,-16.6526098339055,120.579907483111,-14.28433835403366,.0205875372664822,.0337596236464514,0,-20.13456868736096,0,-.0751160555736557,21.85543338228173,-.1185048235269089,24.65836793008451,-.2165762518508143,34.3952915764057,-.2631320407960125,30.57781558170007,-.2594758901591289,34.80573037928515,.0606995237924434,20.08257299002804,.0138273663663854,32.1701260425513,.0572557557867326,30.32270499586799,.1053068921433535,28.58511663399681,.1394508552112294,32.7435769688821,.0162610858746106,29.76871388781479
evreg3,1.Le5_abs#0bn.rice_harvarea_aclvl_ahigh,4.162112656026772,120.579907483111,-2.66501135415845,.0108928095519926,-4.538700288409701,0,.2484050504167028,0,4.921448873024899,-.2195220789615059,6.458400128015869,-.1544889202998247,7.104702176657345,-.2631320407960125,10.92922111252297,-.3343082134946477,18.07168703884685,-.7717253035153241,4.012512700973718,.005502189400593,10.10979612164559,-.3581750375566991,7.318679407161479,-.369113987435951,7.068614505428167,-.2394516463683837,7.507007769952883,-.1967081912821939,5.786899916313144,-.236573137002504
evreg3,1.Le5_abs#1.rice_harvarea_aclvl_ahigh,-35.09678182811946,120.579907483111,-15.97985682424232,.0204009510708174,.0596229660093179,0,-21.08970498021706,0,-.0973105847376711,22.66790044084653,-.1765358866980384,25.11887775283421,-.2801879440101747,30.57781558170007,-.3343082134946477,43.12438653079477,-.3695002902606494,46.72511732101714,.0611841216023843,23.11799000070359,-.030796496779693,38.23995497584815,.0373007533448902,34.47233014651956,.0983598322097417,30.27672817812781,.1465172854122049,32.36440262814347,-.0567735558011676,27.85249700997082
evreg3,1.Le6_abs#0bn.rice_harvarea_aclvl_ahigh,11.02463811451106,120.579907483111,-10.13862376693849,.025721666919137,-9.760764674014643,0,.2372367731451682,0,9.387701990589145,-.2145462572664923,12.35976690159443,-.1248308076271236,13.10027537192903,-.2594758901591289,18.07168703884685,-.3695002902606494,50.2550776255636,-.7655553815963905,5.838766930618714,.0320938503634454,18.81181140710122,-.2755765993604959,14.5876282995486,-.2725048600530113,14.9597387432739,-.1303181983367591,12.87451466960985,-.0648121695429128,9.650236764521569,-.109424217102007
evreg3,1.Le6_abs#1.rice_harvarea_aclvl_ahigh,-40.76353337236391,120.579907483111,-41.72527063009868,.024734730068779,.078250551425496,0,-24.00450741202952,0,-.1939292568017525,25.24681713337734,-.3211263523703612,28.62960631842386,-.6340361725713674,34.80573037928515,-.7717253035153241,46.72511732101714,-.7655553815963905,119.4054904571082,.1638848026960336,15.06708934873012,.0270049924832724,33.91840533333016,.1570996090868665,42.74984305497296,.3188573938549932,40.359706044953,.4291099170888277,38.76002551733944,.161873934456388,31.76502949164506
evreg3,1.La1_abs#0bn.rice_harvarea_aclvl_ahigh,-6.226289435681434,120.579907483111,-1.663628474806561,.0066192789043598,-2.319230917964687,0,-.0585234514645767,0,2.784269771464757,.0512309562416374,3.2356880261401,.0468837271305518,3.516921894989294,.0606995237924434,4.012512700973718,.0611841216023843,5.838766930618714,.1638848026960336,5.760839581327595,.0091374904219862,5.483755858994252,.1018030519372923,3.617813805959389,.1068326313794344,3.210710238109539,.0844017127873604,3.359861228943763,.0846639351843039,2.416250182640771,.0888267821655416
evreg3,1.La1_abs#1.rice_harvarea_aclvl_ahigh,-23.56105243377205,120.579907483111,-1.574445156575201,.0290045937258893,-.0150915499102111,0,-18.98435744717099,0,.0160315345099999,19.78356748638898,.0316392341492799,19.0617909378151,.0115033878339205,20.08257299002804,.005502189400593,23.11799000070359,.0320938503634454,15.06708934873012,.0091374904219862,51.54745798265922,.0461310118089986,25.8684465313264,.0409247185574138,21.0441878898476,.0412367764264043,17.31189162239286,.0305373777228736,18.32252729652275,.0531552082739221,14.95427580051164
evreg3,1.La2_abs#0bn.rice_harvarea_aclvl_ahigh,4.442831986505646,120.579907483111,-9.184218936445658,.0151863056418979,-6.037611718770307,0,-.01984697257917,0,6.646832832041431,.0115563206933618,8.448606746447279,.0453299912072725,7.873703964472209,.0138273663663854,10.10979612164559,-.030796496779693,18.81181140710122,.0270049924832724,5.483755858994252,.0461310118089986,19.18000818263488,.1179257494692107,9.89777458646298,.1320445846248868,8.491700992484276,.1463309429028457,7.385981900652379,.1809279551538719,5.893468381315606,.1680368270211398
evreg3,1.La2_abs#1.rice_harvarea_aclvl_ahigh,-33.9636326144165,120.579907483111,-24.1174123020131,.0288505575357569,-.0108953152823426,0,-27.70832193376869,0,-.0617641104756775,29.77648004015911,-.072481384388282,30.58307403660026,-.2801788883368984,32.1701260425513,-.3581750375566991,38.23995497584815,-.2755765993604959,33.91840533333016,.1018030519372923,25.8684465313264,.1179257494692107,84.77482270891834,.1569003877163888,41.89734980994992,.2431439160992708,32.79972472520229,.2833367687870006,34.04188222431915,.2907402321900636,28.95701708060932
evreg3,1.La3_abs#0bn.rice_harvarea_aclvl_ahigh,.5717698442735386,120.579907483111,-6.588356433250955,.0068497958248963,-4.446686603774842,0,-.0581170081869658,0,5.119805910941493,.0465109377347656,6.009256604952252,.0629913006112124,6.264947001440736,.0572557557867326,7.318679407161479,.0373007533448902,14.5876282995486,.1570996090868665,3.617813805959389,.0409247185574138,9.89777458646298,.1569003877163888,8.40663717899759,.16824084302231,7.160629396268081,.1570845966244417,6.435962413726122,.1794003580468101,5.173905140939099,.173078769167264
evreg3,1.La3_abs#1.rice_harvarea_aclvl_ahigh,-20.566512500826,120.579907483111,-25.4466386127704,.0206676759376046,-.0206554907583363,0,-24.95741029665378,0,-.0588367715124003,26.26945315931851,-.0621441171724635,26.50668527039301,-.2873356396673194,30.32270499586799,-.369113987435951,34.47233014651956,-.2725048600530113,42.74984305497296,.1068326313794344,21.0441878898476,.1320445846248868,41.89734980994992,.16824084302231,47.99695331926183,.2615339396233315,34.22559732450787,.3044842570229701,36.4446044637555,.348779234691253,34.08790631982353
evreg3,1.La4_abs#0bn.rice_harvarea_aclvl_ahigh,.6001718852383385,120.579907483111,-7.369409387909287,-.0007321484792598,-4.31156122335194,0,-.1065472095313518,0,5.074413807316848,.0867634462599902,6.082049756942901,.0910139579754093,6.297802466734873,.1053068921433535,7.068614505428167,.0983598322097417,14.9597387432739,.3188573938549932,3.210710238109539,.0412367764264043,8.491700992484276,.2431439160992708,7.160629396268081,.2615339396233315,9.18988310455663,.2238968719155023,7.905501842120959,.237578010799241,6.200426339817434,.2430504222132423
evreg3,1.La4_abs#1.rice_harvarea_aclvl_ahigh,-20.31800334603743,120.579907483111,-19.25217944495809,.022318678276883,-.0405762035469378,0,-22.06413014725683,0,-.0226398289873975,23.43578084033572,.0034312199036068,25.24665839019221,-.1784053010322825,28.58511663399681,-.2394516463683837,30.27672817812781,-.1303181983367591,40.359706044953,.0844017127873604,17.31189162239286,.1463309429028457,32.79972472520229,.1570845966244417,34.22559732450787,.2238968719155023,35.12866400259141,.2456821278956141,37.41743624744554,.350965991107786,32.19754178924463
evreg3,1.La5_abs#0bn.rice_harvarea_aclvl_ahigh,-9.015027536304245,120.579907483111,-6.352908530191868,-.004181993303585,-3.409453106933949,0,-.1399726621223959,0,5.474145591372056,.1162387270478753,6.240438487972579,.1057762654715878,5.535262424041407,.1394508552112294,7.507007769952883,.1465172854122049,12.87451466960985,.4291099170888277,3.359861228943763,.0305373777228736,7.385981900652379,.2833367687870006,6.435962413726122,.3044842570229701,7.905501842120959,.2456821278956141,18.73010411739215,.2464860475999368,11.7814373573698,.2633015589563347
evreg3,1.La5_abs#1.rice_harvarea_aclvl_ahigh,-26.83002156475059,120.579907483111,-18.43382388533807,.0393414488008874,-.0559530766825029,0,-24.32917560298419,0,-.0039239799506112,27.35336071251077,.0423093528847757,29.46616181570418,-.1383799314233011,32.7435769688821,-.1967081912821939,32.36440262814347,-.0648121695429128,38.76002551733944,.0846639351843039,18.32252729652275,.1809279551538719,34.04188222431915,.1794003580468101,36.4446044637555,.237578010799241,37.41743624744554,.2464860475999368,56.89488296627729,.3854040543959297,43.04822828462704
evreg3,1.La6_abs#0bn.rice_harvarea_aclvl_ahigh,-3.498476636367443,120.579907483111,-21.63916614789884,-.0026279801833968,-3.508075501477412,0,-.0490749317506779,0,4.298764830658473,.0192406498277272,5.684908877153664,.0603651899415254,5.42490329197464,.0162610858746106,5.786899916313144,-.0567735558011676,9.650236764521569,.161873934456388,2.416250182640771,.0531552082739221,5.893468381315606,.2907402321900636,5.173905140939099,.348779234691253,6.200426339817434,.350965991107786,11.7814373573698,.3854040543959297,25.35032270667248,.4071017422822662
evreg3,1.La6_abs#1.rice_harvarea_aclvl_ahigh,-15.67582634914301,120.579907483111,-20.13159399341994,.0210987247706137,-.0527076919514766,0,-24.0553536713062,0,-.0151837746139833,25.68022827796721,.022632191413566,25.50652245786683,-.1731253034423867,29.76871388781479,-.236573137002504,27.85249700997082,-.109424217102007,31.76502949164506,.0888267821655416,14.95427580051164,.1680368270211398,28.95701708060932,.173078769167264,34.08790631982353,.2430504222132423,32.19754178924463,.2633015589563347,43.04822828462704,.4071017422822662,55.61718570298425
evreg4,av_wind_speed,4.383596474104738,120.579907483111,288.8737298724582,-.0730917515698231,3.882449313080549,0,14.29754535794466,0,-2.642635855096313,-11.96560719106456,-8.402658909517505,-9.942823201001366,-3.495102972628966,-13.27648661913808,-2.379838544199032,-15.21907999506252,-9.233510334314676,-39.77271402082343,-2.31286546863095,-.8284759406154941,-8.699723899290378,-23.59791015288874,-5.600393064374495,-25.22100684967501,-6.566351883376071,-19.52264456602209,-5.710473204864746,-18.38670398796743,-22.17114428353775,-20.17231325703872
evreg4,wind_direction,-.0927167950280484,120.579907483111,-.0730917515698231,.0019430229648653,-.002963849901414,0,-.0090322392444699,0,-.0071207895672749,.0104761667017095,.0034840759720714,.0211828259923896,.008568153923713,.0198388636400623,.0091474227641141,.0219205164728426,.0233462029809404,.0275903624201855,.0046753123807949,.0298504954350944,.0135166411054764,.0298468976990127,.005565980046391,.0203021949060241,-.0017811830566484,.0203211609488848,-.0073670667422321,.0372920104777525,-.0033834260377604,.0184438559088174
evreg4,0bn.Le1_abs#0bn.rice_prod_aclvl_ahigh,-3.445539666530931,120.579907483111,3.882449313080549,-.002963849901414,4.826997477037463,0,-.0239184986127031,0,-3.649858506773585,.0225847180037841,-4.00065599089652,.0064969263598253,-4.188793685845175,.0316534957016354,-5.013803580262759,.0531495989606972,-11.02141369262077,.0812573784145114,-2.267767181003985,-.0183566046030862,-6.411451256577848,-.0027804001018032,-4.53306356189143,-.0089766378360511,-4.383416958751968,-.0287915818897219,-3.58950187563366,-.0484976075578438,-3.52267001695797,-.039285607042931
evreg4,1o.Le1_abs#0bno.rice_prod_aclvl_ahigh,0,120.579907483111,0,0,0,0,0,0,0,0,0,0,0,0,0,0,0,0,0,0,0,0,0,0,0,0,0,0,0,0
evreg4,0bn.Le1_abs#1.rice_prod_aclvl_ahigh,3.667893440312268,120.579907483111,14.29754535794466,-.0090322392444699,-.0239184986127031,0,23.83428885386576,0,.0739112889802219,-16.78319879104708,.1051824266307294,-16.69811047141279,.2110895783127259,-17.5062456255406,.2590258363358605,-18.02924679949702,.2401132631427401,-20.6446640086317,-.0590968467538866,-16.66019184898703,-.0181249411021443,-24.10228481744181,-.0529772439857196,-21.76813155055439,-.1055052028116869,-19.22531283545874,-.1322900813408792,-20.91297878473699,-.0515532023738592,-20.88176745038898
evreg4,1o.Le1_abs#1o.rice_prod_aclvl_ahigh,0,120.579907483111,0,0,0,0,0,0,0,0,0,0,0,0,0,0,0,0,0,0,0,0,0,0,0,0,0,0,0,0
evreg4,1.Le2_abs#0bn.rice_prod_aclvl_ahigh,3.098133393156045,120.579907483111,-2.642635855096313,-.0071207895672749,-3.649858506773585,0,.0739112889802219,0,6.49612668313942,-.0658455509408614,5.532243692391506,-.0422722190268417,4.535772376635775,-.0784804921167178,5.060404055410944,-.1009515182277048,10.40819980348692,-.2122723587719555,2.435409397080432,.0209822545586643,6.726653172769528,-.075844160312641,5.049060020063314,-.0757471387686224,5.013603175354666,-.0353624148568665,4.995749410691503,-.0085449317457187,4.132442290386265,-.0239721386806283
evreg4,1.Le2_abs#1.rice_prod_aclvl_ahigh,-9.664154822547284,120.579907483111,-11.96560719106456,.0104761667017095,.0225847180037841,0,-16.78319879104708,0,-.0658455509408614,24.54864599749502,-.0949061569212215,19.84654869161501,-.1802565493608369,19.1184209192741,-.2204919942951121,19.66277629817502,-.2069903257711315,21.74303331528498,.049487988566324,17.3670935969436,.0122642745282381,26.17036153548995,.0431966020495524,23.0345440912649,.0856709258083158,20.5812957296022,.1076765184281648,24.52505411601982,.0235442529800741,22.52464850784053
evreg4,1.Le3_abs#0bn.rice_prod_aclvl_ahigh,-1.366867125419321,120.579907483111,-8.402658909517505,.0034840759720714,-4.00065599089652,0,.1051824266307294,0,5.532243692391506,-.0949061569212215,10.45391986975812,-.0496847034429858,6.099566774619289,-.1213580979266734,6.596266120473333,-.1780061670302326,13.51002103737269,-.3257129099490871,2.829371510818081,.0421506640823227,8.658560785217286,-.0704690616280042,5.978604418872314,-.0603448190251572,6.038451273270381,.0065681840847827,5.776664829865328,.0582798345699111,5.583181444812338,.0311185809848165
evreg4,1.Le3_abs#1.rice_prod_aclvl_ahigh,-21.94288778049143,120.579907483111,-9.942823201001366,.0211828259923896,.0064969263598253,0,-16.69811047141279,0,-.0422722190268417,19.84654869161501,-.0496847034429858,29.61434332769415,-.126807460888872,21.91493518802396,-.1625378209753359,22.18271477798501,-.1342179430791213,25.12684987908856,.0445298129530925,17.09870919622745,.0369753181093157,27.23557927516692,.0545133061322168,23.47144319452593,.0885094610699707,22.39268786676595,.1008701258751653,26.60088825487077,.0591535438080608,22.75313319609272
evreg4,1.Le4_abs#0bn.rice_prod_aclvl_ahigh,-1.574683683808518,120.579907483111,-3.495102972628966,.008568153923713,-4.188793685845175,0,.2110895783127259,0,4.535772376635775,-.1802565493608369,6.099566774619289,-.126807460888872,10.53906597238023,-.2111178428526116,7.214729989090983,-.2741594527377829,14.11518221974562,-.616086864858297,3.161618039683189,.0236911293202803,7.998893373264691,-.2738959698432061,6.227157584955429,-.2832511543566901,6.222349417755964,-.180871329693353,4.825510259858947,-.1319808563203216,5.212444346194537,-.1716481086901844
evreg4,1.Le4_abs#1.rice_prod_aclvl_ahigh,-17.59690275663311,120.579907483111,-13.27648661913808,.0198388636400623,.0316534957016354,0,-17.5062456255406,0,-.0784804921167178,19.1184209192741,-.1213580979266734,21.91493518802396,-.2111178428526116,30.33244176854826,-.2567647086523975,26.76256871115604,-.2525522577577715,30.57476848491915,.0532727354482072,17.95858749075494,.0029143221270612,28.33536497469601,.0447554550748593,26.68505076539201,.0916133577307378,25.23883552442513,.1170224340661547,29.44537326245517,-.0177632279894422,26.27922948811343
evreg4,1.Le5_abs#0bn.rice_prod_aclvl_ahigh,6.110656449412392,120.579907483111,-2.379838544199032,.0091474227641141,-5.013803580262759,0,.2590258363358605,0,5.060404055410944,-.2204919942951121,6.596266120473333,-.1625378209753359,7.214729989090983,-.2567647086523975,11.15549050771571,-.3263660964347073,19.663696615483,-.7501388112082766,3.751085762163309,.0152754018572754,10.49870839862727,-.3574256965631931,7.367921076224977,-.3710853549015836,7.124002071876775,-.250633959536359,7.127615188119417,-.2015691696354347,5.762642907715319,-.2441698815687077
evreg4,1.Le5_abs#1.rice_prod_aclvl_ahigh,-33.49831131851296,120.579907483111,-15.21907999506252,.0219205164728426,.0531495989606972,0,-18.02924679949702,0,-.1009515182277048,19.66277629817502,-.1780061670302326,22.18271477798501,-.2741594527377829,26.76256871115604,-.3263660964347073,37.5575916251913,-.3514491884216553,40.63736611510247,.0548866817546317,20.36152249091732,-.0328088659243972,33.61718737069872,.032619203689301,30.25227133768018,.0906264332670133,26.68759464116143,.1276357351534327,29.29038323579757,-.0920228007098184,24.60329004224604
evreg4,1.Le6_abs#0bn.rice_prod_aclvl_ahigh,14.9479921170746,120.579907483111,-9.233510334314676,.0233462029809404,-11.02141369262077,0,.2401132631427401,0,10.40819980348692,-.2069903257711315,13.51002103737269,-.1342179430791213,14.11518221974562,-.2525522577577715,19.663696615483,-.3514491884216553,56.03112494776222,-.7266027755991488,6.38449609366153,.0384928323522275,20.29262507388165,-.2699681304793572,15.51531601812846,-.2680904284128008,15.81829436428737,-.1411933429327115,13.25847577726464,-.0716666622495559,10.28352689080347,-.1203991003899658
evreg4,1.Le6_abs#1.rice_prod_aclvl_ahigh,-40.35864829983964,120.579907483111,-39.77271402082343,.0275903624201855,.0812573784145114,0,-20.6446640086317,0,-.2122723587719555,21.74303331528498,-.3257129099490871,25.12684987908856,-.616086864858297,30.57476848491915,-.7501388112082766,40.63736611510247,-.7266027755991488,101.8088850929959,.1580809905404034,13.45670130246491,.0177525913694661,30.7465154310581,.1321973852213786,37.60862423344013,.2838632226149063,36.0102384482036,.3659862565273166,34.62775365963903,.080245367690454,27.76813137506174
evreg4,1.La1_abs#0bn.rice_prod_aclvl_ahigh,-3.510884760075482,120.579907483111,-2.31286546863095,.0046753123807949,-2.267767181003985,0,-.0590968467538866,0,2.435409397080432,.049487988566324,2.829371510818081,.0445298129530925,3.161618039683189,.0532727354482072,3.751085762163309,.0548866817546317,6.38449609366153,.1580809905404034,4.407492980795316,.0074151133394298,5.40953838687767,.1068576597489357,3.3833546827999,.1153816212352444,2.909215788779326,.0942039672069444,2.453417881691113,.0933906804316352,2.065526928550377,.098403820601997
evreg4,1.La1_abs#1.rice_prod_aclvl_ahigh,-24.82118132008975,120.579907483111,-.8284759406154941,.0298504954350944,-.0183566046030862,0,-16.66019184898703,0,.0209822545586643,17.3670935969436,.0421506640823227,17.09870919622745,.0236911293202803,17.95858749075494,.0152754018572754,20.36152249091732,.0384928323522275,13.45670130246491,.0074151133394298,45.96206307726247,.0432473733093775,22.72493387653389,.0367255930599821,18.59298570502967,.040447061302722,15.29029179436385,.0331233412591416,17.03008213046166,.0597438904949712,13.4378367606855
evreg4,1.La2_abs#0bn.rice_prod_aclvl_ahigh,5.491328881376073,120.579907483111,-8.699723899290378,.0135166411054764,-6.411451256577848,0,-.0181249411021443,0,6.726653172769528,.0122642745282381,8.658560785217286,.0369753181093157,7.998893373264691,.0029143221270612,10.49870839862727,-.0328088659243972,20.29262507388165,.0177525913694661,5.40953838687767,.0432473733093775,19.82258811456956,.111142686704245,10.04142908535851,.1269832105361827,8.593582147883991,.1397343708515182,7.049549708403243,.1749642807238776,5.76248420089825,.1593419265290309
evreg4,1.La2_abs#1.rice_prod_aclvl_ahigh,-32.1666264442661,120.579907483111,-23.59791015288874,.0298468976990127,-.0027804001018032,0,-24.10228481744181,0,-.075844160312641,26.17036153548995,-.0704690616280042,27.23557927516692,-.2738959698432061,28.33536497469601,-.3574256965631931,33.61718737069872,-.2699681304793572,30.7465154310581,.1068576597489357,22.72493387653389,.111142686704245,74.68912997085039,.1380382344478735,37.09922977075216,.2263625141148852,29.04074673377174,.2568471469723226,30.59491963527854,.272906806013568,25.87842250473762
evreg4,1.La3_abs#0bn.rice_prod_aclvl_ahigh,2.938223686965284,120.579907483111,-5.600393064374495,.005565980046391,-4.53306356189143,0,-.0529772439857196,0,5.049060020063314,.0431966020495524,5.978604418872314,.0545133061322168,6.227157584955429,.0447554550748593,7.367921076224977,.032619203689301,15.51531601812846,.1321973852213786,3.3833546827999,.0367255930599821,10.04142908535851,.1380382344478735,8.155929397277657,.1484492244791706,7.013096661902796,.1396756462700259,5.887557535495312,.1619407776589347,4.914721053056609,.1527077194725188
evreg4,1.La3_abs#1.rice_prod_aclvl_ahigh,-21.32972946193713,120.579907483111,-25.22100684967501,.0203021949060241,-.0089766378360511,0,-21.76813155055439,0,-.0757471387686224,23.0345440912649,-.0603448190251572,23.47144319452593,-.2832511543566901,26.68505076539201,-.3710853549015836,30.25227133768018,-.2680904284128008,37.60862423344013,.1153816212352444,18.59298570502967,.1269832105361827,37.09922977075216,.1484492244791706,42.25748864991985,.2439090152989755,30.30850491455683,.2765195146807086,32.6058009789009,.3390310059155848,29.94039055366706
evreg4,1.La4_abs#0bn.rice_prod_aclvl_ahigh,2.533236500701562,120.579907483111,-6.566351883376071,-.0017811830566484,-4.383416958751968,0,-.1055052028116869,0,5.013603175354666,.0856709258083158,6.038451273270381,.0885094610699707,6.222349417755964,.0916133577307378,7.124002071876775,.0906264332670133,15.81829436428737,.2838632226149063,2.909215788779326,.040447061302722,8.593582147883991,.2263625141148852,7.013096661902796,.2439090152989755,8.985228521434292,.2143710505464824,7.121196022342847,.2328135764228875,5.832568627472562,.2326445513163398
evreg4,1.La4_abs#1.rice_prod_aclvl_ahigh,-20.752449753029,120.579907483111,-19.52264456602209,.0203211609488848,-.0287915818897219,0,-19.22531283545874,0,-.0353624148568665,20.5812957296022,.0065681840847827,22.39268786676595,-.180871329693353,25.23883552442513,-.250633959536359,26.68759464116143,-.1411933429327115,36.0102384482036,.0942039672069444,15.29029179436385,.1397343708515182,29.04074673377174,.1396756462700259,30.30850491455683,.2143710505464824,31.53195911031933,.2328340026008834,34.02462993364222,.3637335954180143,28.71224371027539
evreg4,1.La5_abs#0bn.rice_prod_aclvl_ahigh,-5.698084802761609,120.579907483111,-5.710473204864746,-.0073670667422321,-3.58950187563366,0,-.1322900813408792,0,4.995749410691503,.1076765184281648,5.776664829865328,.1008701258751653,4.825510259858947,.1170224340661547,7.127615188119417,.1276357351534327,13.25847577726464,.3659862565273166,2.453417881691113,.0331233412591416,7.049549708403243,.2568471469723226,5.887557535495312,.2765195146807086,7.121196022342847,.2328340026008834,16.63437959471459,.2419341101057653,11.0645459144564,.2506960763407197
evreg4,1.La5_abs#1.rice_prod_aclvl_ahigh,-28.867551886797,120.579907483111,-18.38670398796743,.0372920104777525,-.0484976075578438,0,-20.91297878473699,0,-.0085449317457187,24.52505411601982,.0582798345699111,26.60088825487077,-.1319808563203216,29.44537326245517,-.2015691696354347,29.29038323579757,-.0716666622495559,34.62775365963903,.0933906804316352,17.03008213046166,.1749642807238776,30.59491963527854,.1619407776589347,32.6058009789009,.2328135764228875,34.02462993364222,.2419341101057653,54.27017191077733,.4223611266992942,39.51930057800013
evreg4,1.La6_abs#0bn.rice_prod_aclvl_ahigh,-4.707961751300123,120.579907483111,-22.17114428353775,-.0033834260377604,-3.52267001695797,0,-.0515532023738592,0,4.132442290386265,.0235442529800741,5.583181444812338,.0591535438080608,5.212444346194537,-.0177632279894422,5.762642907715319,-.0920228007098184,10.28352689080347,.080245367690454,2.065526928550377,.0597438904949712,5.76248420089825,.272906806013568,4.914721053056609,.3390310059155848,5.832568627472562,.3637335954180143,11.0645459144564,.4223611266992942,25.50185786542899,.4314105483889575
evreg4,1.La6_abs#1.rice_prod_aclvl_ahigh,-12.99024857797606,120.579907483111,-20.17231325703872,.0184438559088174,-.039285607042931,0,-20.88176745038898,0,-.0239721386806283,22.52464850784053,.0311185809848165,22.75313319609272,-.1716481086901844,26.27922948811343,-.2441698815687077,24.60329004224604,-.1203991003899658,27.76813137506174,.098403820601997,13.4378367606855,.1593419265290309,25.87842250473762,.1527077194725188,29.94039055366706,.2326445513163398,28.71224371027539,.2506960763407197,39.51930057800013,.4314105483889575,51.59209330775708
