unique_small_grid_id,province,ac_uq_id,sample_rank,stratum_grids,selected_from_stratum,sample_seed,sample_fraction
36791,Bihar,0,1,88,1,20260831,0.01
41359,Bihar,1,1,104,2,20260831,0.01
39048,Bihar,1,2,104,2,20260831,0.01
36818,Bihar,2,1,90,1,20260831,0.01
45960,Bihar,3,1,127,2,20260831,0.01
34437,Bihar,3,2,127,2,20260831,0.01
34496,Bihar,4,1,131,2,20260831,0.01
34453,Bihar,4,2,131,2,20260831,0.01
39091,Bihar,5,1,121,2,20260831,0.01
43765,Bihar,5,2,121,2,20260831,0.01
7150,Bihar,6,1,106,2,20260831,0.01
5579,Bihar,6,2,106,2,20260831,0.01
8836,Bihar,7,1,112,2,20260831,0.01
8829,Bihar,7,2,112,2,20260831,0.01
2964,Bihar,8,1,124,2,20260831,0.01
2982,Bihar,8,2,124,2,20260831,0.01
4226,Bihar,9,1,173,2,20260831,0.01
7112,Bihar,9,2,173,2,20260831,0.01
8759,Bihar,10,1,100,1,20260831,0.01
5663,Bihar,11,1,145,2,20260831,0.01
7169,Bihar,11,2,145,2,20260831,0.01
11291,Bihar,12,1,75,1,20260831,0.01
7793,Bihar,13,1,106,2,20260831,0.01
9419,Bihar,13,2,106,2,20260831,0.01
4786,Bihar,14,1,207,3,20260831,0.01
7689,Bihar,14,2,207,3,20260831,0.01
9322,Bihar,14,3,207,3,20260831,0.01
9441,Bihar,15,1,108,2,20260831,0.01
9458,Bihar,15,2,108,2,20260831,0.01
6185,Bihar,16,1,227,3,20260831,0.01
3521,Bihar,16,2,227,3,20260831,0.01
4835,Bihar,16,3,227,3,20260831,0.01
24890,Bihar,17,1,66,1,20260831,0.01
20245,Bihar,18,1,55,1,20260831,0.01
20215,Bihar,19,1,48,1,20260831,0.01
24945,Bihar,20,1,69,1,20260831,0.01
15472,Bihar,21,1,76,1,20260831,0.01
17873,Bihar,22,1,65,1,20260831,0.01
22576,Bihar,23,1,54,1,20260831,0.01
15666,Bihar,24,1,4,1,20260831,0.01
17985,Bihar,25,1,95,1,20260831,0.01
18066,Bihar,26,1,95,1,20260831,0.01
13517,Bihar,27,1,108,2,20260831,0.01
15657,Bihar,27,2,108,2,20260831,0.01
13442,Bihar,28,1,84,1,20260831,0.01
15758,Bihar,29,1,125,2,20260831,0.01
18085,Bihar,29,2,125,2,20260831,0.01
13500,Bihar,30,1,83,1,20260831,0.01
19813,Bihar,31,1,79,1,20260831,0.01
24578,Bihar,32,1,30,1,20260831,0.01
26951,Bihar,33,1,76,1,20260831,0.01
19817,Bihar,34,1,93,1,20260831,0.01
19864,Bihar,35,1,85,1,20260831,0.01
26879,Bihar,36,1,82,1,20260831,0.01
15000,Bihar,37,1,88,1,20260831,0.01
17344,Bihar,38,1,104,2,20260831,0.01
24486,Bihar,38,2,104,2,20260831,0.01
24440,Bihar,39,1,59,1,20260831,0.01
22103,Bihar,40,1,111,2,20260831,0.01
19679,Bihar,40,2,111,2,20260831,0.01
17276,Bihar,41,1,112,2,20260831,0.01
19659,Bihar,41,2,112,2,20260831,0.01
34221,Bihar,42,1,62,1,20260831,0.01
34100,Bihar,43,1,70,1,20260831,0.01
34199,Bihar,44,1,65,1,20260831,0.01
36397,Bihar,45,1,19,1,20260831,0.01
36443,Bihar,46,1,57,1,20260831,0.01
31974,Bihar,47,1,65,1,20260831,0.01
34159,Bihar,48,1,54,1,20260831,0.01
40983,Bihar,49,1,58,1,20260831,0.01
38719,Bihar,50,1,56,1,20260831,0.01
31957,Bihar,51,1,67,1,20260831,0.01
8962,Bihar,52,1,126,2,20260831,0.01
10859,Bihar,52,2,126,2,20260831,0.01
5742,Bihar,53,1,193,2,20260831,0.01
3166,Bihar,53,2,193,2,20260831,0.01
8950,Bihar,54,1,72,1,20260831,0.01
5734,Bihar,55,1,137,2,20260831,0.01
4485,Bihar,55,2,137,2,20260831,0.01
5763,Bihar,56,1,9,1,20260831,0.01
5685,Bihar,57,1,116,2,20260831,0.01
4384,Bihar,57,2,116,2,20260831,0.01
3057,Bihar,58,1,204,3,20260831,0.01
2148,Bihar,58,2,204,3,20260831,0.01
3029,Bihar,58,3,204,3,20260831,0.01
3147,Bihar,59,1,107,2,20260831,0.01
4429,Bihar,59,2,107,2,20260831,0.01
7224,Bihar,60,1,117,2,20260831,0.01
8913,Bihar,60,2,117,2,20260831,0.01
5809,Bihar,61,1,83,1,20260831,0.01
43058,Bihar,62,1,83,1,20260831,0.01
40691,Bihar,63,1,65,1,20260831,0.01
45228,Bihar,64,1,98,1,20260831,0.01
40650,Bihar,65,1,74,1,20260831,0.01
40641,Bihar,66,1,62,1,20260831,0.01
45290,Bihar,67,1,82,1,20260831,0.01
15096,Bihar,68,1,68,1,20260831,0.01
10870,Bihar,69,1,70,1,20260831,0.01
12963,Bihar,70,1,76,1,20260831,0.01
15087,Bihar,71,1,72,1,20260831,0.01
13000,Bihar,72,1,66,1,20260831,0.01
3405,Bihar,73,1,291,3,20260831,0.01
3471,Bihar,73,2,291,3,20260831,0.01
3415,Bihar,73,3,291,3,20260831,0.01
13309,Bihar,74,1,116,2,20260831,0.01
11104,Bihar,74,2,116,2,20260831,0.01
6112,Bihar,75,1,166,2,20260831,0.01
11154,Bihar,75,2,166,2,20260831,0.01
9212,Bihar,76,1,159,2,20260831,0.01
6066,Bihar,76,2,159,2,20260831,0.01
11021,Bihar,77,1,99,1,20260831,0.01
10493,Bihar,78,1,109,2,20260831,0.01
6967,Bihar,78,2,109,2,20260831,0.01
14805,Bihar,79,1,113,2,20260831,0.01
12638,Bihar,79,2,113,2,20260831,0.01
17232,Bihar,80,1,115,2,20260831,0.01
14844,Bihar,80,2,115,2,20260831,0.01
25419,Bihar,81,1,130,2,20260831,0.01
25432,Bihar,81,2,130,2,20260831,0.01
20561,Bihar,82,1,123,2,20260831,0.01
20511,Bihar,82,2,123,2,20260831,0.01
22995,Bihar,83,1,95,1,20260831,0.01
22997,Bihar,84,1,43,1,20260831,0.01
25280,Bihar,85,1,108,2,20260831,0.01
25284,Bihar,85,2,108,2,20260831,0.01
20580,Bihar,86,1,134,2,20260831,0.01
18205,Bihar,86,2,134,2,20260831,0.01
23057,Bihar,87,1,109,2,20260831,0.01
23010,Bihar,87,2,109,2,20260831,0.01
25004,Bihar,88,1,81,1,20260831,0.01
22757,Bihar,89,1,117,2,20260831,0.01
22769,Bihar,89,2,117,2,20260831,0.01
22685,Bihar,90,1,65,1,20260831,0.01
17934,Bihar,91,1,72,1,20260831,0.01
39145,Bihar,92,1,116,2,20260831,0.01
43809,Bihar,92,2,116,2,20260831,0.01
36942,Bihar,93,1,109,2,20260831,0.01
39257,Bihar,93,2,109,2,20260831,0.01
39203,Bihar,94,1,105,2,20260831,0.01
36899,Bihar,94,2,105,2,20260831,0.01
43869,Bihar,95,1,170,2,20260831,0.01
43931,Bihar,95,2,170,2,20260831,0.01
17776,Bihar,96,1,154,2,20260831,0.01
11057,Bihar,96,2,154,2,20260831,0.01
11148,Bihar,97,1,131,2,20260831,0.01
13294,Bihar,97,2,131,2,20260831,0.01
25166,Bihar,98,1,111,2,20260831,0.01
22822,Bihar,98,2,111,2,20260831,0.01
29841,Bihar,99,1,96,1,20260831,0.01
32125,Bihar,100,1,95,1,20260831,0.01
34395,Bihar,101,1,103,2,20260831,0.01
34388,Bihar,101,2,103,2,20260831,0.01
43490,Bihar,102,1,97,1,20260831,0.01
43335,Bihar,103,1,62,1,20260831,0.01
43382,Bihar,104,1,62,1,20260831,0.01
47782,Bihar,105,1,82,1,20260831,0.01
38809,Bihar,106,1,68,1,20260831,0.01
45778,Bihar,107,1,77,1,20260831,0.01
41221,Bihar,108,1,143,2,20260831,0.01
43556,Bihar,108,2,143,2,20260831,0.01
41084,Bihar,109,1,53,1,20260831,0.01
38856,Bihar,110,1,106,2,20260831,0.01
36528,Bihar,110,2,106,2,20260831,0.01
43438,Bihar,111,1,75,1,20260831,0.01
15510,Bihar,112,1,99,1,20260831,0.01
20307,Bihar,113,1,98,1,20260831,0.01
11247,Bihar,114,1,118,2,20260831,0.01
9323,Bihar,114,2,118,2,20260831,0.01
38643,Bihar,115,1,73,1,20260831,0.01
40809,Bihar,116,1,68,1,20260831,0.01
36283,Bihar,117,1,55,1,20260831,0.01
36335,Bihar,118,1,88,1,20260831,0.01
33968,Bihar,119,1,66,1,20260831,0.01
31747,Bihar,120,1,60,1,20260831,0.01
40886,Bihar,121,1,70,1,20260831,0.01
36258,Bihar,122,1,8,1,20260831,0.01
36218,Bihar,123,1,77,1,20260831,0.01
33884,Bihar,124,1,101,2,20260831,0.01
38464,Bihar,124,2,101,2,20260831,0.01
31769,Bihar,125,1,50,1,20260831,0.01
15309,Bihar,126,1,82,1,20260831,0.01
17652,Bihar,127,1,34,1,20260831,0.01
17620,Bihar,128,1,83,1,20260831,0.01
17584,Bihar,129,1,69,1,20260831,0.01
13053,Bihar,130,1,94,1,20260831,0.01
10919,Bihar,131,1,78,1,20260831,0.01
13126,Bihar,132,1,95,1,20260831,0.01
5921,Bihar,133,1,149,2,20260831,0.01
7443,Bihar,133,2,149,2,20260831,0.01
7401,Bihar,134,1,93,1,20260831,0.01
9059,Bihar,135,1,65,1,20260831,0.01
4543,Bihar,136,1,185,2,20260831,0.01
5835,Bihar,136,2,185,2,20260831,0.01
59076,Bihar,137,1,109,2,20260831,0.01
55455,Bihar,137,2,109,2,20260831,0.01
51576,Bihar,138,1,48,1,20260831,0.01
51573,Bihar,139,1,83,1,20260831,0.01
53600,Bihar,140,1,87,1,20260831,0.01
57372,Bihar,141,1,80,1,20260831,0.01
49469,Bihar,142,1,97,1,20260831,0.01
64229,Bihar,143,1,270,3,20260831,0.01
62753,Bihar,143,2,270,3,20260831,0.01
60966,Bihar,143,3,270,3,20260831,0.01
55561,Bihar,144,1,122,2,20260831,0.01
55571,Bihar,144,2,122,2,20260831,0.01
62681,Bihar,145,1,336,4,20260831,0.01
55435,Bihar,145,2,336,4,20260831,0.01
51494,Bihar,145,3,336,4,20260831,0.01
60896,Bihar,145,4,336,4,20260831,0.01
22405,Bihar,146,1,54,1,20260831,0.01
24727,Bihar,147,1,1,1,20260831,0.01
20119,Bihar,148,1,63,1,20260831,0.01
22284,Bihar,149,1,90,1,20260831,0.01
24684,Bihar,150,1,30,1,20260831,0.01
24680,Bihar,151,1,9,1,20260831,0.01
22384,Bihar,152,1,49,1,20260831,0.01
22373,Bihar,153,1,6,1,20260831,0.01
24676,Bihar,154,1,74,1,20260831,0.01
17513,Bihar,155,1,85,1,20260831,0.01
17751,Bihar,156,1,117,2,20260831,0.01
17775,Bihar,156,2,117,2,20260831,0.01
15124,Bihar,157,1,77,1,20260831,0.01
24705,Bihar,158,1,7,1,20260831,0.01
19967,Bihar,159,1,55,1,20260831,0.01
34558,Bihar,160,1,108,2,20260831,0.01
34590,Bihar,160,2,108,2,20260831,0.01
32329,Bihar,161,1,95,1,20260831,0.01
32215,Bihar,162,1,114,2,20260831,0.01
32236,Bihar,162,2,114,2,20260831,0.01
29949,Bihar,163,1,136,2,20260831,0.01
29929,Bihar,163,2,136,2,20260831,0.01
32291,Bihar,164,1,109,2,20260831,0.01
30021,Bihar,164,2,109,2,20260831,0.01
27667,Bihar,165,1,54,1,20260831,0.01
25200,Bihar,166,1,115,2,20260831,0.01
25212,Bihar,166,2,115,2,20260831,0.01
49657,Bihar,167,1,72,1,20260831,0.01
51706,Bihar,168,1,65,1,20260831,0.01
47471,Bihar,169,1,97,1,20260831,0.01
45470,Bihar,170,1,73,1,20260831,0.01
43122,Bihar,171,1,79,1,20260831,0.01
43079,Bihar,172,1,80,1,20260831,0.01
45524,Bihar,173,1,64,1,20260831,0.01
49641,Bihar,174,1,68,1,20260831,0.01
49643,Bihar,175,1,89,1,20260831,0.01
43164,Bihar,176,1,90,1,20260831,0.01
53739,Bihar,177,1,73,1,20260831,0.01
51647,Bihar,178,1,82,1,20260831,0.01
6906,Bihar,179,1,408,5,20260831,0.01
14730,Bihar,179,2,408,5,20260831,0.01
8566,Bihar,179,3,408,5,20260831,0.01
5404,Bihar,179,4,408,5,20260831,0.01
8552,Bihar,179,5,408,5,20260831,0.01
4156,Bihar,180,1,294,3,20260831,0.01
4164,Bihar,180,2,294,3,20260831,0.01
2831,Bihar,180,3,294,3,20260831,0.01
8705,Bihar,181,1,63,1,20260831,0.01
14975,Bihar,182,1,104,2,20260831,0.01
14915,Bihar,182,2,104,2,20260831,0.01
12764,Bihar,183,1,89,1,20260831,0.01
12684,Bihar,184,1,147,2,20260831,0.01
10555,Bihar,184,2,147,2,20260831,0.01
12754,Bihar,185,1,83,1,20260831,0.01
8655,Bihar,186,1,98,1,20260831,0.01
32026,Bihar,187,1,99,1,20260831,0.01
27472,Bihar,188,1,69,1,20260831,0.01
27388,Bihar,189,1,114,2,20260831,0.01
27422,Bihar,189,2,114,2,20260831,0.01
25136,Bihar,190,1,91,1,20260831,0.01
24922,Bihar,191,1,57,1,20260831,0.01
27325,Bihar,192,1,72,1,20260831,0.01
31814,Bihar,193,1,72,1,20260831,0.01
22483,Bihar,194,1,68,1,20260831,0.01
24843,Bihar,195,1,51,1,20260831,0.01
29643,Bihar,196,1,59,1,20260831,0.01
31828,Bihar,197,1,39,1,20260831,0.01
27207,Bihar,198,1,56,1,20260831,0.01
27219,Bihar,199,1,52,1,20260831,0.01
31853,Bihar,200,1,77,1,20260831,0.01
31628,Bihar,201,1,57,1,20260831,0.01
31597,Bihar,202,1,60,1,20260831,0.01
26949,Bihar,203,1,44,1,20260831,0.01
33822,Bihar,204,1,61,1,20260831,0.01
26982,Bihar,205,1,69,1,20260831,0.01
29296,Bihar,206,1,70,1,20260831,0.01
31603,Bihar,207,1,44,1,20260831,0.01
29335,Bihar,208,1,64,1,20260831,0.01
33850,Bihar,209,1,69,1,20260831,0.01
13133,Bihar,210,1,54,1,20260831,0.01
13216,Bihar,211,1,84,1,20260831,0.01
47631,Bihar,212,1,97,1,20260831,0.01
43319,Bihar,213,1,72,1,20260831,0.01
49756,Bihar,214,1,83,1,20260831,0.01
43235,Bihar,215,1,31,1,20260831,0.01
51784,Bihar,216,1,81,1,20260831,0.01
45622,Bihar,217,1,69,1,20260831,0.01
43294,Bihar,218,1,73,1,20260831,0.01
45619,Bihar,219,1,46,1,20260831,0.01
43348,Bihar,220,1,73,1,20260831,0.01
38338,Bihar,221,1,56,1,20260831,0.01
35972,Bihar,222,1,86,1,20260831,0.01
31499,Bihar,223,1,74,1,20260831,0.01
38355,Bihar,224,1,65,1,20260831,0.01
36043,Bihar,225,1,63,1,20260831,0.01
36015,Bihar,226,1,57,1,20260831,0.01
38313,Bihar,227,1,41,1,20260831,0.01
38299,Bihar,228,1,59,1,20260831,0.01
36683,Bihar,229,1,134,2,20260831,0.01
43664,Bihar,229,2,134,2,20260831,0.01
41264,Bihar,230,1,123,2,20260831,0.01
43607,Bihar,230,2,123,2,20260831,0.01
36613,Bihar,231,1,115,2,20260831,0.01
36580,Bihar,231,2,115,2,20260831,0.01
34300,Bihar,232,1,87,1,20260831,0.01
38965,Bihar,233,1,99,1,20260831,0.01
27075,Bihar,234,1,48,1,20260831,0.01
29419,Bihar,235,1,58,1,20260831,0.01
29469,Bihar,236,1,50,1,20260831,0.01
24801,Bihar,237,1,46,1,20260831,0.01
27172,Bihar,238,1,63,1,20260831,0.01
22425,Bihar,239,1,60,1,20260831,0.01
24795,Bihar,240,1,58,1,20260831,0.01
24723,Bihar,241,1,52,1,20260831,0.01
31713,Bihar,242,1,74,1,20260831,0.01
118443,Haryana,243,1,25,1,20260831,0.01
114332,Haryana,244,1,76,1,20260831,0.01
124267,Haryana,245,1,148,2,20260831,0.01
126008,Haryana,245,2,148,2,20260831,0.01
116455,Haryana,246,1,129,2,20260831,0.01
118465,Haryana,246,2,129,2,20260831,0.01
120468,Haryana,247,1,160,2,20260831,0.01
120512,Haryana,247,2,160,2,20260831,0.01
125980,Haryana,248,1,55,1,20260831,0.01
81933,Haryana,249,1,170,2,20260831,0.01
81862,Haryana,249,2,170,2,20260831,0.01
90279,Haryana,250,1,171,2,20260831,0.01
92208,Haryana,250,2,171,2,20260831,0.01
84097,Haryana,251,1,70,1,20260831,0.01
81961,Haryana,252,1,154,2,20260831,0.01
84108,Haryana,252,2,154,2,20260831,0.01
90175,Haryana,253,1,316,4,20260831,0.01
86008,Haryana,253,2,316,4,20260831,0.01
83965,Haryana,253,3,316,4,20260831,0.01
88083,Haryana,253,4,316,4,20260831,0.01
83990,Haryana,254,1,223,3,20260831,0.01
88149,Haryana,254,2,223,3,20260831,0.01
83995,Haryana,254,3,223,3,20260831,0.01
80050,Haryana,255,1,20,1,20260831,0.01
77917,Haryana,256,1,7,1,20260831,0.01
80052,Haryana,257,1,6,1,20260831,0.01
77859,Haryana,258,1,21,1,20260831,0.01
73855,Haryana,259,1,107,2,20260831,0.01
73877,Haryana,259,2,107,2,20260831,0.01
71892,Haryana,260,1,87,1,20260831,0.01
73886,Haryana,261,1,116,2,20260831,0.01
75866,Haryana,261,2,116,2,20260831,0.01
77904,Haryana,262,1,66,1,20260831,0.01
77950,Haryana,263,1,51,1,20260831,0.01
100005,Haryana,264,1,199,2,20260831,0.01
97974,Haryana,264,2,199,2,20260831,0.01
106137,Haryana,265,1,201,3,20260831,0.01
104114,Haryana,265,2,201,3,20260831,0.01
104171,Haryana,265,3,201,3,20260831,0.01
106241,Haryana,266,1,183,2,20260831,0.01
102133,Haryana,266,2,183,2,20260831,0.01
79934,Haryana,267,1,87,1,20260831,0.01
65831,Haryana,268,1,145,2,20260831,0.01
65808,Haryana,268,2,145,2,20260831,0.01
79984,Haryana,269,1,17,1,20260831,0.01
71818,Haryana,270,1,113,2,20260831,0.01
69723,Haryana,270,2,113,2,20260831,0.01
77807,Haryana,271,1,169,2,20260831,0.01
77785,Haryana,271,2,169,2,20260831,0.01
67814,Haryana,272,1,76,1,20260831,0.01
77839,Haryana,273,1,65,1,20260831,0.01
93943,Haryana,274,1,191,2,20260831,0.01
95944,Haryana,274,2,191,2,20260831,0.01
98031,Haryana,275,1,95,1,20260831,0.01
92244,Haryana,276,1,94,1,20260831,0.01
94022,Haryana,277,1,14,1,20260831,0.01
95928,Haryana,278,1,171,2,20260831,0.01
90174,Haryana,278,2,171,2,20260831,0.01
92272,Haryana,279,1,209,3,20260831,0.01
94140,Haryana,279,2,209,3,20260831,0.01
98084,Haryana,279,3,209,3,20260831,0.01
102178,Haryana,280,1,198,2,20260831,0.01
97980,Haryana,280,2,198,2,20260831,0.01
82077,Haryana,281,1,163,2,20260831,0.01
84210,Haryana,281,2,163,2,20260831,0.01
86333,Haryana,282,1,38,1,20260831,0.01
84225,Haryana,283,1,138,2,20260831,0.01
86308,Haryana,283,2,138,2,20260831,0.01
84194,Haryana,284,1,88,1,20260831,0.01
98150,Haryana,285,1,51,1,20260831,0.01
96125,Haryana,286,1,141,2,20260831,0.01
96144,Haryana,286,2,141,2,20260831,0.01
106290,Haryana,287,1,128,2,20260831,0.01
106283,Haryana,287,2,128,2,20260831,0.01
98243,Haryana,288,1,121,2,20260831,0.01
100290,Haryana,288,2,121,2,20260831,0.01
102332,Haryana,289,1,196,2,20260831,0.01
102329,Haryana,289,2,196,2,20260831,0.01
114259,Haryana,290,1,164,2,20260831,0.01
108294,Haryana,290,2,164,2,20260831,0.01
106394,Haryana,291,1,55,1,20260831,0.01
104349,Haryana,292,1,192,2,20260831,0.01
104369,Haryana,292,2,192,2,20260831,0.01
108379,Haryana,293,1,120,2,20260831,0.01
104418,Haryana,293,2,120,2,20260831,0.01
102386,Haryana,294,1,171,2,20260831,0.01
102434,Haryana,294,2,171,2,20260831,0.01
102495,Haryana,295,1,91,1,20260831,0.01
108503,Haryana,296,1,137,2,20260831,0.01
108509,Haryana,296,2,137,2,20260831,0.01
106503,Haryana,297,1,38,1,20260831,0.01
106469,Haryana,298,1,133,2,20260831,0.01
108439,Haryana,298,2,133,2,20260831,0.01
114432,Haryana,299,1,91,1,20260831,0.01
112311,Haryana,300,1,120,2,20260831,0.01
112300,Haryana,300,2,120,2,20260831,0.01
116405,Haryana,301,1,106,2,20260831,0.01
112367,Haryana,301,2,106,2,20260831,0.01
110392,Haryana,302,1,69,1,20260831,0.01
71674,Haryana,303,1,132,2,20260831,0.01
75590,Haryana,303,2,132,2,20260831,0.01
75563,Haryana,304,1,166,2,20260831,0.01
77560,Haryana,304,2,166,2,20260831,0.01
69649,Haryana,305,1,140,2,20260831,0.01
69583,Haryana,305,2,140,2,20260831,0.01
73559,Haryana,306,1,72,1,20260831,0.01
98300,Haryana,307,1,129,2,20260831,0.01
100356,Haryana,307,2,129,2,20260831,0.01
98319,Haryana,308,1,5,1,20260831,0.01
98304,Haryana,309,1,69,1,20260831,0.01
96290,Haryana,310,1,105,2,20260831,0.01
98371,Haryana,310,2,105,2,20260831,0.01
73704,Haryana,311,1,163,2,20260831,0.01
71758,Haryana,311,2,163,2,20260831,0.01
77718,Haryana,312,1,165,2,20260831,0.01
75619,Haryana,312,2,165,2,20260831,0.01
75670,Haryana,313,1,66,1,20260831,0.01
86316,Haryana,314,1,123,2,20260831,0.01
88416,Haryana,314,2,123,2,20260831,0.01
88289,Haryana,315,1,114,2,20260831,0.01
86238,Haryana,315,2,114,2,20260831,0.01
92255,Haryana,316,1,145,2,20260831,0.01
90360,Haryana,316,2,145,2,20260831,0.01
88350,Haryana,317,1,7,1,20260831,0.01
107852,Haryana,318,1,270,3,20260831,0.01
105952,Haryana,318,2,270,3,20260831,0.01
105974,Haryana,318,3,270,3,20260831,0.01
99864,Haryana,319,1,278,3,20260831,0.01
97791,Haryana,319,2,278,3,20260831,0.01
97749,Haryana,319,3,278,3,20260831,0.01
106014,Haryana,320,1,219,3,20260831,0.01
106056,Haryana,320,2,219,3,20260831,0.01
104049,Haryana,320,3,219,3,20260831,0.01
101900,Haryana,321,1,198,2,20260831,0.01
101964,Haryana,321,2,198,2,20260831,0.01
99970,Haryana,322,1,89,1,20260831,0.01
96235,Haryana,323,1,162,2,20260831,0.01
92369,Haryana,323,2,162,2,20260831,0.01
92472,Haryana,324,1,82,1,20260831,0.01
94267,Haryana,325,1,89,1,20260831,0.01
90496,Haryana,326,1,90,1,20260831,0.01
90540,Haryana,327,1,80,1,20260831,0.01
90548,Haryana,328,1,10,1,20260831,0.01
118623,Haryana,329,1,115,2,20260831,0.01
114548,Haryana,329,2,115,2,20260831,0.01
114464,Haryana,330,1,119,2,20260831,0.01
114508,Haryana,330,2,119,2,20260831,0.01
118574,Haryana,331,1,162,2,20260831,0.01
118573,Haryana,331,2,162,2,20260831,0.01
116529,Haryana,332,1,29,1,20260831,0.01
142274,Punjab_IND,333,1,115,2,20260831,0.01
143502,Punjab_IND,333,2,115,2,20260831,0.01
139690,Punjab_IND,334,1,2,1,20260831,0.01
139706,Punjab_IND,335,1,7,1,20260831,0.01
139695,Punjab_IND,336,1,3,1,20260831,0.01
139679,Punjab_IND,337,1,8,1,20260831,0.01
139693,Punjab_IND,338,1,10,1,20260831,0.01
138294,Punjab_IND,339,1,113,2,20260831,0.01
139718,Punjab_IND,339,2,113,2,20260831,0.01
135538,Punjab_IND,340,1,166,2,20260831,0.01
137049,Punjab_IND,340,2,166,2,20260831,0.01
139729,Punjab_IND,341,1,88,1,20260831,0.01
138353,Punjab_IND,342,1,120,2,20260831,0.01
136976,Punjab_IND,342,2,120,2,20260831,0.01
132242,Punjab_IND,343,1,175,2,20260831,0.01
133878,Punjab_IND,343,2,175,2,20260831,0.01
141052,Punjab_IND,344,1,80,1,20260831,0.01
132300,Punjab_IND,345,1,91,1,20260831,0.01
139650,Punjab_IND,346,1,140,2,20260831,0.01
140937,Punjab_IND,346,2,140,2,20260831,0.01
136967,Punjab_IND,347,1,93,1,20260831,0.01
113931,Punjab_IND,348,1,171,2,20260831,0.01
113902,Punjab_IND,348,2,171,2,20260831,0.01
115928,Punjab_IND,349,1,21,1,20260831,0.01
117917,Punjab_IND,350,1,168,2,20260831,0.01
118012,Punjab_IND,350,2,168,2,20260831,0.01
116034,Punjab_IND,351,1,145,2,20260831,0.01
113998,Punjab_IND,351,2,145,2,20260831,0.01
115999,Punjab_IND,352,1,123,2,20260831,0.01
120030,Punjab_IND,352,2,123,2,20260831,0.01
111906,Punjab_IND,353,1,161,2,20260831,0.01
111903,Punjab_IND,353,2,161,2,20260831,0.01
127210,Punjab_IND,354,1,130,2,20260831,0.01
123621,Punjab_IND,354,2,130,2,20260831,0.01
119964,Punjab_IND,355,1,122,2,20260831,0.01
123716,Punjab_IND,355,2,122,2,20260831,0.01
121863,Punjab_IND,356,1,93,1,20260831,0.01
122198,Punjab_IND,357,1,57,1,20260831,0.01
125876,Punjab_IND,358,1,103,2,20260831,0.01
125880,Punjab_IND,358,2,103,2,20260831,0.01
124059,Punjab_IND,359,1,108,2,20260831,0.01
124091,Punjab_IND,359,2,108,2,20260831,0.01
109692,Punjab_IND,360,1,99,1,20260831,0.01
115743,Punjab_IND,361,1,241,3,20260831,0.01
115787,Punjab_IND,361,2,241,3,20260831,0.01
111776,Punjab_IND,361,3,241,3,20260831,0.01
119749,Punjab_IND,362,1,143,2,20260831,0.01
119747,Punjab_IND,362,2,143,2,20260831,0.01
130666,Punjab_IND,363,1,76,1,20260831,0.01
127150,Punjab_IND,364,1,186,2,20260831,0.01
127235,Punjab_IND,364,2,186,2,20260831,0.01
123554,Punjab_IND,365,1,125,2,20260831,0.01
125384,Punjab_IND,365,2,125,2,20260831,0.01
123552,Punjab_IND,366,1,215,3,20260831,0.01
117773,Punjab_IND,366,2,215,3,20260831,0.01
117782,Punjab_IND,366,3,215,3,20260831,0.01
130736,Punjab_IND,367,1,177,2,20260831,0.01
130721,Punjab_IND,367,2,177,2,20260831,0.01
142426,Punjab_IND,368,1,40,1,20260831,0.01
148431,Punjab_IND,369,1,108,2,20260831,0.01
147274,Punjab_IND,369,2,108,2,20260831,0.01
144833,Punjab_IND,370,1,155,2,20260831,0.01
144834,Punjab_IND,370,2,155,2,20260831,0.01
146085,Punjab_IND,371,1,95,1,20260831,0.01
142366,Punjab_IND,372,1,89,1,20260831,0.01
144889,Punjab_IND,373,1,79,1,20260831,0.01
146189,Punjab_IND,374,1,44,1,20260831,0.01
142428,Punjab_IND,375,1,69,1,20260831,0.01
141108,Punjab_IND,376,1,96,1,20260831,0.01
149641,Punjab_IND,377,1,125,2,20260831,0.01
148516,Punjab_IND,377,2,125,2,20260831,0.01
137236,Punjab_IND,378,1,140,2,20260831,0.01
135811,Punjab_IND,378,2,140,2,20260831,0.01
143755,Punjab_IND,379,1,136,2,20260831,0.01
142508,Punjab_IND,379,2,136,2,20260831,0.01
134225,Punjab_IND,380,1,109,2,20260831,0.01
134271,Punjab_IND,380,2,109,2,20260831,0.01
139992,Punjab_IND,381,1,74,1,20260831,0.01
145000,Punjab_IND,382,1,108,2,20260831,0.01
143710,Punjab_IND,382,2,108,2,20260831,0.01
139944,Punjab_IND,383,1,165,2,20260831,0.01
139957,Punjab_IND,383,2,165,2,20260831,0.01
141187,Punjab_IND,384,1,116,2,20260831,0.01
139862,Punjab_IND,384,2,116,2,20260831,0.01
138551,Punjab_IND,385,1,88,1,20260831,0.01
132517,Punjab_IND,386,1,42,1,20260831,0.01
135689,Punjab_IND,387,1,6,1,20260831,0.01
135698,Punjab_IND,388,1,10,1,20260831,0.01
134099,Punjab_IND,389,1,8,1,20260831,0.01
137127,Punjab_IND,390,1,103,2,20260831,0.01
135657,Punjab_IND,390,2,103,2,20260831,0.01
132521,Punjab_IND,391,1,122,2,20260831,0.01
132467,Punjab_IND,391,2,122,2,20260831,0.01
132551,Punjab_IND,392,1,112,2,20260831,0.01
130933,Punjab_IND,392,2,112,2,20260831,0.01
132439,Punjab_IND,393,1,142,2,20260831,0.01
130848,Punjab_IND,393,2,142,2,20260831,0.01
138491,Punjab_IND,394,1,97,1,20260831,0.01
137082,Punjab_IND,395,1,69,1,20260831,0.01
135734,Punjab_IND,396,1,69,1,20260831,0.01
132396,Punjab_IND,397,1,142,2,20260831,0.01
137034,Punjab_IND,397,2,142,2,20260831,0.01
127519,Punjab_IND,398,1,3,1,20260831,0.01
127498,Punjab_IND,399,1,129,2,20260831,0.01
125725,Punjab_IND,399,2,129,2,20260831,0.01
125732,Punjab_IND,400,1,96,1,20260831,0.01
125649,Punjab_IND,401,1,129,2,20260831,0.01
125626,Punjab_IND,401,2,129,2,20260831,0.01
125827,Punjab_IND,402,1,50,1,20260831,0.01
129234,Punjab_IND,403,1,2,1,20260831,0.01
129251,Punjab_IND,404,1,9,1,20260831,0.01
129238,Punjab_IND,405,1,2,1,20260831,0.01
127520,Punjab_IND,406,1,6,1,20260831,0.01
127523,Punjab_IND,407,1,8,1,20260831,0.01
123973,Punjab_IND,408,1,95,1,20260831,0.01
123892,Punjab_IND,409,1,110,2,20260831,0.01
123907,Punjab_IND,409,2,110,2,20260831,0.01
129277,Punjab_IND,410,1,105,2,20260831,0.01
129297,Punjab_IND,410,2,105,2,20260831,0.01
129333,Punjab_IND,411,1,125,2,20260831,0.01
129318,Punjab_IND,411,2,125,2,20260831,0.01
112085,Punjab_IND,412,1,163,2,20260831,0.01
112082,Punjab_IND,412,2,163,2,20260831,0.01
114076,Punjab_IND,413,1,137,2,20260831,0.01
112069,Punjab_IND,413,2,137,2,20260831,0.01
108059,Punjab_IND,414,1,210,3,20260831,0.01
104086,Punjab_IND,414,2,210,3,20260831,0.01
108060,Punjab_IND,414,3,210,3,20260831,0.01
123726,Punjab_IND,415,1,146,2,20260831,0.01
121936,Punjab_IND,415,2,146,2,20260831,0.01
130765,Punjab_IND,416,1,147,2,20260831,0.01
127374,Punjab_IND,416,2,147,2,20260831,0.01
127285,Punjab_IND,417,1,77,1,20260831,0.01
121987,Punjab_IND,418,1,157,2,20260831,0.01
127382,Punjab_IND,418,2,157,2,20260831,0.01
117877,Punjab_IND,419,1,143,2,20260831,0.01
113871,Punjab_IND,419,2,143,2,20260831,0.01
115795,Punjab_IND,420,1,197,2,20260831,0.01
113787,Punjab_IND,420,2,197,2,20260831,0.01
117810,Punjab_IND,421,1,145,2,20260831,0.01
119834,Punjab_IND,421,2,145,2,20260831,0.01
121773,Punjab_IND,422,1,137,2,20260831,0.01
119845,Punjab_IND,422,2,137,2,20260831,0.01
131045,Punjab_IND,423,1,120,2,20260831,0.01
132679,Punjab_IND,423,2,120,2,20260831,0.01
132588,Punjab_IND,424,1,89,1,20260831,0.01
132628,Punjab_IND,425,1,92,1,20260831,0.01
120419,Punjab_IND,426,1,94,1,20260831,0.01
120206,Punjab_IND,427,1,113,2,20260831,0.01
120217,Punjab_IND,427,2,113,2,20260831,0.01
118358,Punjab_IND,428,1,96,1,20260831,0.01
120297,Punjab_IND,429,1,123,2,20260831,0.01
120256,Punjab_IND,429,2,123,2,20260831,0.01
118327,Punjab_IND,430,1,8,1,20260831,0.01
118293,Punjab_IND,431,1,69,1,20260831,0.01
122343,Punjab_IND,432,1,79,1,20260831,0.01
114241,Punjab_IND,433,1,126,2,20260831,0.01
116268,Punjab_IND,433,2,126,2,20260831,0.01
118233,Punjab_IND,434,1,98,1,20260831,0.01
114317,Punjab_IND,435,1,141,2,20260831,0.01
116309,Punjab_IND,435,2,141,2,20260831,0.01
110209,Punjab_IND,436,1,143,2,20260831,0.01
112207,Punjab_IND,436,2,143,2,20260831,0.01
131146,Punjab_IND,437,1,125,2,20260831,0.01
132752,Punjab_IND,437,2,125,2,20260831,0.01
129389,Punjab_IND,438,1,118,2,20260831,0.01
127693,Punjab_IND,438,2,118,2,20260831,0.01
127685,Punjab_IND,439,1,109,2,20260831,0.01
127744,Punjab_IND,439,2,109,2,20260831,0.01
132731,Punjab_IND,440,1,133,2,20260831,0.01
132722,Punjab_IND,440,2,133,2,20260831,0.01
124152,Punjab_IND,441,1,49,1,20260831,0.01
123951,Punjab_IND,442,1,103,2,20260831,0.01
120227,Punjab_IND,442,2,103,2,20260831,0.01
116119,Punjab_IND,443,1,92,1,20260831,0.01
120074,Punjab_IND,444,1,141,2,20260831,0.01
120054,Punjab_IND,444,2,141,2,20260831,0.01
112151,Punjab_IND,445,1,163,2,20260831,0.01
110114,Punjab_IND,445,2,163,2,20260831,0.01
108193,Punjab_IND,446,1,140,2,20260831,0.01
108198,Punjab_IND,446,2,140,2,20260831,0.01
123926,Punjab_IND,447,1,59,1,20260831,0.01
122037,Punjab_IND,448,1,132,2,20260831,0.01
122027,Punjab_IND,448,2,132,2,20260831,0.01
114126,Punjab_IND,449,1,136,2,20260831,0.01
112123,Punjab_IND,449,2,136,2,20260831,0.01
55761,Uttar Pradesh,450,1,14,1,20260831,0.01
57504,Uttar Pradesh,451,1,11,1,20260831,0.01
55759,Uttar Pradesh,452,1,85,1,20260831,0.01
55745,Uttar Pradesh,453,1,5,1,20260831,0.01
48025,Uttar Pradesh,454,1,234,3,20260831,0.01
50115,Uttar Pradesh,454,2,234,3,20260831,0.01
50136,Uttar Pradesh,454,3,234,3,20260831,0.01
59376,Uttar Pradesh,455,1,121,2,20260831,0.01
57528,Uttar Pradesh,455,2,121,2,20260831,0.01
53975,Uttar Pradesh,456,1,146,2,20260831,0.01
52050,Uttar Pradesh,456,2,146,2,20260831,0.01
55696,Uttar Pradesh,457,1,185,2,20260831,0.01
55714,Uttar Pradesh,457,2,185,2,20260831,0.01
53889,Uttar Pradesh,458,1,241,3,20260831,0.01
51908,Uttar Pradesh,458,2,241,3,20260831,0.01
51909,Uttar Pradesh,458,3,241,3,20260831,0.01
21530,Uttar Pradesh,459,1,9,1,20260831,0.01
19140,Uttar Pradesh,460,1,6,1,20260831,0.01
19142,Uttar Pradesh,461,1,3,1,20260831,0.01
12137,Uttar Pradesh,462,1,229,3,20260831,0.01
12172,Uttar Pradesh,462,2,229,3,20260831,0.01
16737,Uttar Pradesh,462,3,229,3,20260831,0.01
16856,Uttar Pradesh,463,1,62,1,20260831,0.01
16757,Uttar Pradesh,464,1,84,1,20260831,0.01
8217,Uttar Pradesh,465,1,291,3,20260831,0.01
10035,Uttar Pradesh,465,2,291,3,20260831,0.01
10117,Uttar Pradesh,465,3,291,3,20260831,0.01
14410,Uttar Pradesh,466,1,100,1,20260831,0.01
21540,Uttar Pradesh,467,1,119,2,20260831,0.01
21500,Uttar Pradesh,467,2,119,2,20260831,0.01
16772,Uttar Pradesh,468,1,90,1,20260831,0.01
19195,Uttar Pradesh,469,1,127,2,20260831,0.01
19210,Uttar Pradesh,469,2,127,2,20260831,0.01
23916,Uttar Pradesh,470,1,91,1,20260831,0.01
42570,Uttar Pradesh,471,1,101,2,20260831,0.01
44903,Uttar Pradesh,471,2,101,2,20260831,0.01
44978,Uttar Pradesh,472,1,101,2,20260831,0.01
42630,Uttar Pradesh,472,2,101,2,20260831,0.01
40203,Uttar Pradesh,473,1,128,2,20260831,0.01
40235,Uttar Pradesh,473,2,128,2,20260831,0.01
40173,Uttar Pradesh,474,1,135,2,20260831,0.01
44900,Uttar Pradesh,474,2,135,2,20260831,0.01
42588,Uttar Pradesh,475,1,61,1,20260831,0.01
44127,Uttar Pradesh,476,1,126,2,20260831,0.01
41777,Uttar Pradesh,476,2,126,2,20260831,0.01
50334,Uttar Pradesh,477,1,157,2,20260831,0.01
50296,Uttar Pradesh,477,2,157,2,20260831,0.01
48233,Uttar Pradesh,478,1,171,2,20260831,0.01
48226,Uttar Pradesh,478,2,171,2,20260831,0.01
40288,Uttar Pradesh,479,1,101,2,20260831,0.01
35668,Uttar Pradesh,479,2,101,2,20260831,0.01
28922,Uttar Pradesh,480,1,71,1,20260831,0.01
31126,Uttar Pradesh,481,1,107,2,20260831,0.01
31099,Uttar Pradesh,481,2,107,2,20260831,0.01
38036,Uttar Pradesh,482,1,107,2,20260831,0.01
38024,Uttar Pradesh,482,2,107,2,20260831,0.01
28802,Uttar Pradesh,483,1,109,2,20260831,0.01
28808,Uttar Pradesh,483,2,109,2,20260831,0.01
28870,Uttar Pradesh,484,1,131,2,20260831,0.01
31165,Uttar Pradesh,484,2,131,2,20260831,0.01
33487,Uttar Pradesh,485,1,65,1,20260831,0.01
33441,Uttar Pradesh,486,1,76,1,20260831,0.01
35606,Uttar Pradesh,487,1,85,1,20260831,0.01
35769,Uttar Pradesh,488,1,96,1,20260831,0.01
90614,Uttar Pradesh,489,1,97,1,20260831,0.01
92505,Uttar Pradesh,490,1,92,1,20260831,0.01
94419,Uttar Pradesh,491,1,118,2,20260831,0.01
96369,Uttar Pradesh,491,2,118,2,20260831,0.01
63892,Uttar Pradesh,492,1,83,1,20260831,0.01
76848,Uttar Pradesh,493,1,298,3,20260831,0.01
74868,Uttar Pradesh,493,2,298,3,20260831,0.01
74857,Uttar Pradesh,493,3,298,3,20260831,0.01
56634,Uttar Pradesh,494,1,142,2,20260831,0.01
58410,Uttar Pradesh,494,2,142,2,20260831,0.01
62086,Uttar Pradesh,495,1,189,2,20260831,0.01
63808,Uttar Pradesh,495,2,189,2,20260831,0.01
66988,Uttar Pradesh,496,1,114,2,20260831,0.01
65342,Uttar Pradesh,496,2,114,2,20260831,0.01
68895,Uttar Pradesh,497,1,186,2,20260831,0.01
72954,Uttar Pradesh,497,2,186,2,20260831,0.01
60265,Uttar Pradesh,498,1,152,2,20260831,0.01
60294,Uttar Pradesh,498,2,152,2,20260831,0.01
26922,Uttar Pradesh,499,1,106,2,20260831,0.01
26882,Uttar Pradesh,499,2,106,2,20260831,0.01
26818,Uttar Pradesh,500,1,102,2,20260831,0.01
26779,Uttar Pradesh,500,2,102,2,20260831,0.01
31439,Uttar Pradesh,501,1,92,1,20260831,0.01
35887,Uttar Pradesh,502,1,100,1,20260831,0.01
29146,Uttar Pradesh,503,1,74,1,20260831,0.01
29091,Uttar Pradesh,504,1,107,2,20260831,0.01
29096,Uttar Pradesh,504,2,107,2,20260831,0.01
35926,Uttar Pradesh,505,1,89,1,20260831,0.01
62272,Uttar Pradesh,506,1,151,2,20260831,0.01
60463,Uttar Pradesh,506,2,151,2,20260831,0.01
64120,Uttar Pradesh,507,1,262,3,20260831,0.01
65636,Uttar Pradesh,507,2,262,3,20260831,0.01
62363,Uttar Pradesh,507,3,262,3,20260831,0.01
67139,Uttar Pradesh,508,1,247,3,20260831,0.01
63995,Uttar Pradesh,508,2,247,3,20260831,0.01
65566,Uttar Pradesh,508,3,247,3,20260831,0.01
58634,Uttar Pradesh,509,1,130,2,20260831,0.01
58603,Uttar Pradesh,509,2,130,2,20260831,0.01
16415,Uttar Pradesh,510,1,351,4,20260831,0.01
21219,Uttar Pradesh,510,2,351,4,20260831,0.01
21253,Uttar Pradesh,510,3,351,4,20260831,0.01
23666,Uttar Pradesh,510,4,351,4,20260831,0.01
16392,Uttar Pradesh,511,1,106,2,20260831,0.01
16397,Uttar Pradesh,511,2,106,2,20260831,0.01
14098,Uttar Pradesh,512,1,251,3,20260831,0.01
11879,Uttar Pradesh,512,2,251,3,20260831,0.01
14088,Uttar Pradesh,512,3,251,3,20260831,0.01
28207,Uttar Pradesh,513,1,375,4,20260831,0.01
23541,Uttar Pradesh,513,2,375,4,20260831,0.01
23522,Uttar Pradesh,513,3,375,4,20260831,0.01
30479,Uttar Pradesh,513,4,375,4,20260831,0.01
52822,Uttar Pradesh,514,1,110,2,20260831,0.01
52781,Uttar Pradesh,514,2,110,2,20260831,0.01
52890,Uttar Pradesh,515,1,175,2,20260831,0.01
52893,Uttar Pradesh,515,2,175,2,20260831,0.01
48755,Uttar Pradesh,516,1,149,2,20260831,0.01
48683,Uttar Pradesh,516,2,149,2,20260831,0.01
58276,Uttar Pradesh,517,1,163,2,20260831,0.01
56537,Uttar Pradesh,517,2,163,2,20260831,0.01
54739,Uttar Pradesh,518,1,153,2,20260831,0.01
56601,Uttar Pradesh,518,2,153,2,20260831,0.01
48774,Uttar Pradesh,519,1,135,2,20260831,0.01
46742,Uttar Pradesh,519,2,135,2,20260831,0.01
48746,Uttar Pradesh,520,1,123,2,20260831,0.01
48729,Uttar Pradesh,520,2,123,2,20260831,0.01
78360,Uttar Pradesh,521,1,120,2,20260831,0.01
78345,Uttar Pradesh,521,2,120,2,20260831,0.01
87039,Uttar Pradesh,522,1,146,2,20260831,0.01
87012,Uttar Pradesh,522,2,146,2,20260831,0.01
80555,Uttar Pradesh,523,1,18,1,20260831,0.01
78438,Uttar Pradesh,524,1,7,1,20260831,0.01
87006,Uttar Pradesh,525,1,117,2,20260831,0.01
80596,Uttar Pradesh,525,2,117,2,20260831,0.01
80608,Uttar Pradesh,526,1,111,2,20260831,0.01
76328,Uttar Pradesh,526,2,111,2,20260831,0.01
76395,Uttar Pradesh,527,1,160,2,20260831,0.01
78489,Uttar Pradesh,527,2,160,2,20260831,0.01
82677,Uttar Pradesh,528,1,135,2,20260831,0.01
82687,Uttar Pradesh,528,2,135,2,20260831,0.01
82797,Uttar Pradesh,529,1,145,2,20260831,0.01
80616,Uttar Pradesh,529,2,145,2,20260831,0.01
51136,Uttar Pradesh,530,1,59,1,20260831,0.01
51003,Uttar Pradesh,531,1,159,2,20260831,0.01
46917,Uttar Pradesh,531,2,159,2,20260831,0.01
46949,Uttar Pradesh,532,1,125,2,20260831,0.01
51054,Uttar Pradesh,532,2,125,2,20260831,0.01
49083,Uttar Pradesh,533,1,149,2,20260831,0.01
47015,Uttar Pradesh,533,2,149,2,20260831,0.01
53222,Uttar Pradesh,534,1,142,2,20260831,0.01
53191,Uttar Pradesh,534,2,142,2,20260831,0.01
104911,Uttar Pradesh,535,1,261,3,20260831,0.01
102815,Uttar Pradesh,535,2,261,3,20260831,0.01
102805,Uttar Pradesh,535,3,261,3,20260831,0.01
102759,Uttar Pradesh,536,1,175,2,20260831,0.01
102753,Uttar Pradesh,536,2,175,2,20260831,0.01
94654,Uttar Pradesh,537,1,157,2,20260831,0.01
94647,Uttar Pradesh,537,2,157,2,20260831,0.01
98737,Uttar Pradesh,538,1,82,1,20260831,0.01
104830,Uttar Pradesh,539,1,114,2,20260831,0.01
100734,Uttar Pradesh,539,2,114,2,20260831,0.01
102820,Uttar Pradesh,540,1,153,2,20260831,0.01
106864,Uttar Pradesh,540,2,153,2,20260831,0.01
98686,Uttar Pradesh,541,1,87,1,20260831,0.01
94692,Uttar Pradesh,542,1,90,1,20260831,0.01
72341,Uttar Pradesh,543,1,99,1,20260831,0.01
74305,Uttar Pradesh,544,1,148,2,20260831,0.01
70175,Uttar Pradesh,544,2,148,2,20260831,0.01
80456,Uttar Pradesh,545,1,142,2,20260831,0.01
78303,Uttar Pradesh,545,2,142,2,20260831,0.01
74379,Uttar Pradesh,546,1,188,2,20260831,0.01
74406,Uttar Pradesh,546,2,188,2,20260831,0.01
76171,Uttar Pradesh,547,1,214,3,20260831,0.01
76164,Uttar Pradesh,547,2,214,3,20260831,0.01
76182,Uttar Pradesh,547,3,214,3,20260831,0.01
74229,Uttar Pradesh,548,1,221,3,20260831,0.01
74206,Uttar Pradesh,548,2,221,3,20260831,0.01
76228,Uttar Pradesh,548,3,221,3,20260831,0.01
70219,Uttar Pradesh,549,1,184,2,20260831,0.01
70274,Uttar Pradesh,549,2,184,2,20260831,0.01
82391,Uttar Pradesh,550,1,117,2,20260831,0.01
82354,Uttar Pradesh,550,2,117,2,20260831,0.01
80183,Uttar Pradesh,551,1,55,1,20260831,0.01
74119,Uttar Pradesh,552,1,99,1,20260831,0.01
73995,Uttar Pradesh,553,1,161,2,20260831,0.01
76003,Uttar Pradesh,553,2,161,2,20260831,0.01
74111,Uttar Pradesh,554,1,142,2,20260831,0.01
78107,Uttar Pradesh,554,2,142,2,20260831,0.01
78021,Uttar Pradesh,555,1,112,2,20260831,0.01
78005,Uttar Pradesh,555,2,112,2,20260831,0.01
82405,Uttar Pradesh,556,1,126,2,20260831,0.01
84509,Uttar Pradesh,556,2,126,2,20260831,0.01
12542,Uttar Pradesh,557,1,300,3,20260831,0.01
5296,Uttar Pradesh,557,2,300,3,20260831,0.01
8493,Uttar Pradesh,557,3,300,3,20260831,0.01
17027,Uttar Pradesh,558,1,57,1,20260831,0.01
19530,Uttar Pradesh,559,1,130,2,20260831,0.01
17131,Uttar Pradesh,559,2,130,2,20260831,0.01
19488,Uttar Pradesh,560,1,86,1,20260831,0.01
11937,Uttar Pradesh,561,1,263,3,20260831,0.01
16455,Uttar Pradesh,561,2,263,3,20260831,0.01
16512,Uttar Pradesh,561,3,263,3,20260831,0.01
9824,Uttar Pradesh,562,1,501,6,20260831,0.01
9887,Uttar Pradesh,562,2,501,6,20260831,0.01
9855,Uttar Pradesh,562,3,501,6,20260831,0.01
12062,Uttar Pradesh,562,4,501,6,20260831,0.01
9922,Uttar Pradesh,562,5,501,6,20260831,0.01
8102,Uttar Pradesh,562,6,501,6,20260831,0.01
40485,Uttar Pradesh,563,1,83,1,20260831,0.01
38267,Uttar Pradesh,564,1,78,1,20260831,0.01
45174,Uttar Pradesh,565,1,63,1,20260831,0.01
47286,Uttar Pradesh,566,1,92,1,20260831,0.01
45213,Uttar Pradesh,567,1,84,1,20260831,0.01
45159,Uttar Pradesh,568,1,91,1,20260831,0.01
38194,Uttar Pradesh,569,1,80,1,20260831,0.01
61439,Uttar Pradesh,570,1,151,2,20260831,0.01
63246,Uttar Pradesh,570,2,151,2,20260831,0.01
66291,Uttar Pradesh,571,1,115,2,20260831,0.01
66292,Uttar Pradesh,571,2,115,2,20260831,0.01
61364,Uttar Pradesh,572,1,121,2,20260831,0.01
61398,Uttar Pradesh,572,2,121,2,20260831,0.01
61325,Uttar Pradesh,573,1,169,2,20260831,0.01
63084,Uttar Pradesh,573,2,169,2,20260831,0.01
68158,Uttar Pradesh,574,1,141,2,20260831,0.01
70129,Uttar Pradesh,574,2,141,2,20260831,0.01
63171,Uttar Pradesh,575,1,135,2,20260831,0.01
64604,Uttar Pradesh,575,2,135,2,20260831,0.01
64731,Uttar Pradesh,576,1,186,2,20260831,0.01
64733,Uttar Pradesh,576,2,186,2,20260831,0.01
48185,Uttar Pradesh,577,1,266,3,20260831,0.01
50227,Uttar Pradesh,577,2,266,3,20260831,0.01
48190,Uttar Pradesh,577,3,266,3,20260831,0.01
50185,Uttar Pradesh,578,1,131,2,20260831,0.01
48097,Uttar Pradesh,578,2,131,2,20260831,0.01
52314,Uttar Pradesh,579,1,155,2,20260831,0.01
52242,Uttar Pradesh,579,2,155,2,20260831,0.01
50977,Uttar Pradesh,580,1,77,1,20260831,0.01
48866,Uttar Pradesh,581,1,118,2,20260831,0.01
48869,Uttar Pradesh,581,2,118,2,20260831,0.01
46878,Uttar Pradesh,582,1,137,2,20260831,0.01
42425,Uttar Pradesh,582,2,137,2,20260831,0.01
46750,Uttar Pradesh,583,1,145,2,20260831,0.01
44748,Uttar Pradesh,583,2,145,2,20260831,0.01
63354,Uttar Pradesh,584,1,149,2,20260831,0.01
63374,Uttar Pradesh,584,2,149,2,20260831,0.01
57933,Uttar Pradesh,585,1,131,2,20260831,0.01
59743,Uttar Pradesh,585,2,131,2,20260831,0.01
61579,Uttar Pradesh,586,1,38,1,20260831,0.01
61547,Uttar Pradesh,587,1,176,2,20260831,0.01
64781,Uttar Pradesh,587,2,176,2,20260831,0.01
28286,Uttar Pradesh,588,1,158,2,20260831,0.01
28290,Uttar Pradesh,588,2,158,2,20260831,0.01
35088,Uttar Pradesh,589,1,152,2,20260831,0.01
32807,Uttar Pradesh,589,2,152,2,20260831,0.01
28313,Uttar Pradesh,590,1,134,2,20260831,0.01
28304,Uttar Pradesh,590,2,134,2,20260831,0.01
28390,Uttar Pradesh,591,1,138,2,20260831,0.01
28401,Uttar Pradesh,591,2,138,2,20260831,0.01
30486,Uttar Pradesh,592,1,183,2,20260831,0.01
32742,Uttar Pradesh,592,2,183,2,20260831,0.01
26037,Uttar Pradesh,593,1,169,2,20260831,0.01
23714,Uttar Pradesh,593,2,169,2,20260831,0.01
55866,Uttar Pradesh,594,1,4,1,20260831,0.01
61335,Uttar Pradesh,595,1,165,2,20260831,0.01
57659,Uttar Pradesh,595,2,165,2,20260831,0.01
55890,Uttar Pradesh,596,1,122,2,20260831,0.01
55838,Uttar Pradesh,596,2,122,2,20260831,0.01
54079,Uttar Pradesh,597,1,122,2,20260831,0.01
54056,Uttar Pradesh,597,2,122,2,20260831,0.01
57638,Uttar Pradesh,598,1,119,2,20260831,0.01
59488,Uttar Pradesh,598,2,119,2,20260831,0.01
82294,Uttar Pradesh,599,1,92,1,20260831,0.01
73967,Uttar Pradesh,600,1,189,2,20260831,0.01
77982,Uttar Pradesh,600,2,189,2,20260831,0.01
82222,Uttar Pradesh,601,1,42,1,20260831,0.01
86514,Uttar Pradesh,602,1,81,1,20260831,0.01
86672,Uttar Pradesh,603,1,131,2,20260831,0.01
84549,Uttar Pradesh,603,2,131,2,20260831,0.01
84387,Uttar Pradesh,604,1,8,1,20260831,0.01
84465,Uttar Pradesh,605,1,70,1,20260831,0.01
86456,Uttar Pradesh,606,1,38,1,20260831,0.01
88590,Uttar Pradesh,607,1,78,1,20260831,0.01
88563,Uttar Pradesh,608,1,51,1,20260831,0.01
84396,Uttar Pradesh,609,1,10,1,20260831,0.01
21940,Uttar Pradesh,610,1,94,1,20260831,0.01
26631,Uttar Pradesh,611,1,123,2,20260831,0.01
24240,Uttar Pradesh,611,2,123,2,20260831,0.01
24326,Uttar Pradesh,612,1,104,2,20260831,0.01
24335,Uttar Pradesh,612,2,104,2,20260831,0.01
24418,Uttar Pradesh,613,1,95,1,20260831,0.01
24230,Uttar Pradesh,614,1,97,1,20260831,0.01
26727,Uttar Pradesh,615,1,120,2,20260831,0.01
24350,Uttar Pradesh,615,2,120,2,20260831,0.01
19649,Uttar Pradesh,616,1,134,2,20260831,0.01
19583,Uttar Pradesh,616,2,134,2,20260831,0.01
56660,Uttar Pradesh,617,1,136,2,20260831,0.01
56630,Uttar Pradesh,617,2,136,2,20260831,0.01
56826,Uttar Pradesh,618,1,121,2,20260831,0.01
56877,Uttar Pradesh,618,2,121,2,20260831,0.01
56763,Uttar Pradesh,619,1,91,1,20260831,0.01
58464,Uttar Pradesh,620,1,128,2,20260831,0.01
58490,Uttar Pradesh,620,2,128,2,20260831,0.01
54918,Uttar Pradesh,621,1,145,2,20260831,0.01
54938,Uttar Pradesh,621,2,145,2,20260831,0.01
56788,Uttar Pradesh,622,1,138,2,20260831,0.01
56791,Uttar Pradesh,622,2,138,2,20260831,0.01
52953,Uttar Pradesh,623,1,147,2,20260831,0.01
54893,Uttar Pradesh,623,2,147,2,20260831,0.01
45107,Uttar Pradesh,624,1,88,1,20260831,0.01
55195,Uttar Pradesh,625,1,97,1,20260831,0.01
49253,Uttar Pradesh,626,1,82,1,20260831,0.01
38098,Uttar Pradesh,627,1,113,2,20260831,0.01
40399,Uttar Pradesh,627,2,113,2,20260831,0.01
47170,Uttar Pradesh,628,1,54,1,20260831,0.01
51252,Uttar Pradesh,629,1,24,1,20260831,0.01
47077,Uttar Pradesh,630,1,104,2,20260831,0.01
42691,Uttar Pradesh,630,2,104,2,20260831,0.01
51263,Uttar Pradesh,631,1,90,1,20260831,0.01
47094,Uttar Pradesh,632,1,106,2,20260831,0.01
49177,Uttar Pradesh,632,2,106,2,20260831,0.01
18685,Uttar Pradesh,633,1,448,5,20260831,0.01
23429,Uttar Pradesh,633,2,448,5,20260831,0.01
21100,Uttar Pradesh,633,3,448,5,20260831,0.01
30443,Uttar Pradesh,633,4,448,5,20260831,0.01
30436,Uttar Pradesh,633,5,448,5,20260831,0.01
23411,Uttar Pradesh,634,1,490,5,20260831,0.01
30310,Uttar Pradesh,634,2,490,5,20260831,0.01
28037,Uttar Pradesh,634,3,490,5,20260831,0.01
25685,Uttar Pradesh,634,4,490,5,20260831,0.01
30379,Uttar Pradesh,634,5,490,5,20260831,0.01
56325,Uttar Pradesh,635,1,204,3,20260831,0.01
56346,Uttar Pradesh,635,2,204,3,20260831,0.01
52621,Uttar Pradesh,635,3,204,3,20260831,0.01
54468,Uttar Pradesh,636,1,178,2,20260831,0.01
56257,Uttar Pradesh,636,2,178,2,20260831,0.01
61811,Uttar Pradesh,637,1,130,2,20260831,0.01
63552,Uttar Pradesh,637,2,130,2,20260831,0.01
61714,Uttar Pradesh,638,1,155,2,20260831,0.01
63484,Uttar Pradesh,638,2,155,2,20260831,0.01
59909,Uttar Pradesh,639,1,187,2,20260831,0.01
58111,Uttar Pradesh,639,2,187,2,20260831,0.01
56439,Uttar Pradesh,640,1,124,2,20260831,0.01
56421,Uttar Pradesh,640,2,124,2,20260831,0.01
57968,Uttar Pradesh,641,1,217,3,20260831,0.01
64901,Uttar Pradesh,641,2,217,3,20260831,0.01
64902,Uttar Pradesh,641,3,217,3,20260831,0.01
63452,Uttar Pradesh,642,1,167,2,20260831,0.01
64960,Uttar Pradesh,642,2,167,2,20260831,0.01
34805,Uttar Pradesh,643,1,385,4,20260831,0.01
32557,Uttar Pradesh,643,2,385,4,20260831,0.01
37051,Uttar Pradesh,643,3,385,4,20260831,0.01
30344,Uttar Pradesh,643,4,385,4,20260831,0.01
32428,Uttar Pradesh,644,1,394,4,20260831,0.01
39332,Uttar Pradesh,644,2,394,4,20260831,0.01
37022,Uttar Pradesh,644,3,394,4,20260831,0.01
34680,Uttar Pradesh,644,4,394,4,20260831,0.01
27950,Uttar Pradesh,645,1,285,3,20260831,0.01
27894,Uttar Pradesh,645,2,285,3,20260831,0.01
30234,Uttar Pradesh,645,3,285,3,20260831,0.01
30980,Uttar Pradesh,646,1,105,2,20260831,0.01
31013,Uttar Pradesh,646,2,105,2,20260831,0.01
28799,Uttar Pradesh,647,1,86,1,20260831,0.01
24137,Uttar Pradesh,648,1,108,2,20260831,0.01
24144,Uttar Pradesh,648,2,108,2,20260831,0.01
24039,Uttar Pradesh,649,1,127,2,20260831,0.01
26380,Uttar Pradesh,649,2,127,2,20260831,0.01
28710,Uttar Pradesh,650,1,99,1,20260831,0.01
24081,Uttar Pradesh,651,1,86,1,20260831,0.01
26346,Uttar Pradesh,652,1,126,2,20260831,0.01
23960,Uttar Pradesh,652,2,126,2,20260831,0.01
33277,Uttar Pradesh,653,1,97,1,20260831,0.01
24141,Uttar Pradesh,654,1,77,1,20260831,0.01
13623,Uttar Pradesh,655,1,373,4,20260831,0.01
18367,Uttar Pradesh,655,2,373,4,20260831,0.01
15880,Uttar Pradesh,655,3,373,4,20260831,0.01
13621,Uttar Pradesh,655,4,373,4,20260831,0.01
25483,Uttar Pradesh,656,1,437,5,20260831,0.01
27891,Uttar Pradesh,656,2,437,5,20260831,0.01
20913,Uttar Pradesh,656,3,437,5,20260831,0.01
20902,Uttar Pradesh,656,4,437,5,20260831,0.01
20911,Uttar Pradesh,656,5,437,5,20260831,0.01
18341,Uttar Pradesh,657,1,43,1,20260831,0.01
23188,Uttar Pradesh,658,1,462,5,20260831,0.01
15993,Uttar Pradesh,658,2,462,5,20260831,0.01
11661,Uttar Pradesh,658,3,462,5,20260831,0.01
18465,Uttar Pradesh,658,4,462,5,20260831,0.01
16021,Uttar Pradesh,658,5,462,5,20260831,0.01
90884,Uttar Pradesh,659,1,55,1,20260831,0.01
90858,Uttar Pradesh,660,1,170,2,20260831,0.01
90849,Uttar Pradesh,660,2,170,2,20260831,0.01
82486,Uttar Pradesh,661,1,156,2,20260831,0.01
84597,Uttar Pradesh,661,2,156,2,20260831,0.01
90882,Uttar Pradesh,662,1,115,2,20260831,0.01
90877,Uttar Pradesh,662,2,115,2,20260831,0.01
56175,Uttar Pradesh,663,1,135,2,20260831,0.01
57954,Uttar Pradesh,663,2,135,2,20260831,0.01
56228,Uttar Pradesh,664,1,143,2,20260831,0.01
50395,Uttar Pradesh,664,2,143,2,20260831,0.01
52377,Uttar Pradesh,665,1,201,3,20260831,0.01
52375,Uttar Pradesh,665,2,201,3,20260831,0.01
54351,Uttar Pradesh,665,3,201,3,20260831,0.01
41911,Uttar Pradesh,666,1,139,2,20260831,0.01
41892,Uttar Pradesh,666,2,139,2,20260831,0.01
37151,Uttar Pradesh,667,1,188,2,20260831,0.01
39556,Uttar Pradesh,667,2,188,2,20260831,0.01
44169,Uttar Pradesh,668,1,201,3,20260831,0.01
50401,Uttar Pradesh,668,2,201,3,20260831,0.01
46205,Uttar Pradesh,668,3,201,3,20260831,0.01
41803,Uttar Pradesh,669,1,187,2,20260831,0.01
41815,Uttar Pradesh,669,2,187,2,20260831,0.01
41993,Uttar Pradesh,670,1,2,1,20260831,0.01
50443,Uttar Pradesh,671,1,190,2,20260831,0.01
46346,Uttar Pradesh,671,2,190,2,20260831,0.01
39637,Uttar Pradesh,672,1,146,2,20260831,0.01
41935,Uttar Pradesh,672,2,146,2,20260831,0.01
37302,Uttar Pradesh,673,1,219,3,20260831,0.01
34973,Uttar Pradesh,673,2,219,3,20260831,0.01
37268,Uttar Pradesh,673,3,219,3,20260831,0.01
41991,Uttar Pradesh,674,1,9,1,20260831,0.01
41996,Uttar Pradesh,675,1,17,1,20260831,0.01
41990,Uttar Pradesh,676,1,9,1,20260831,0.01
41987,Uttar Pradesh,677,1,4,1,20260831,0.01
42007,Uttar Pradesh,678,1,81,1,20260831,0.01
41992,Uttar Pradesh,679,1,2,1,20260831,0.01
16653,Uttar Pradesh,680,1,163,2,20260831,0.01
19070,Uttar Pradesh,680,2,163,2,20260831,0.01
16640,Uttar Pradesh,681,1,157,2,20260831,0.01
18993,Uttar Pradesh,681,2,157,2,20260831,0.01
21419,Uttar Pradesh,682,1,136,2,20260831,0.01
23762,Uttar Pradesh,682,2,136,2,20260831,0.01
68820,Uttar Pradesh,683,1,221,3,20260831,0.01
72843,Uttar Pradesh,683,2,221,3,20260831,0.01
66896,Uttar Pradesh,683,3,221,3,20260831,0.01
76622,Uttar Pradesh,684,1,204,3,20260831,0.01
74674,Uttar Pradesh,684,2,204,3,20260831,0.01
76636,Uttar Pradesh,684,3,204,3,20260831,0.01
68637,Uttar Pradesh,685,1,154,2,20260831,0.01
68695,Uttar Pradesh,685,2,154,2,20260831,0.01
70659,Uttar Pradesh,686,1,105,2,20260831,0.01
70687,Uttar Pradesh,686,2,105,2,20260831,0.01
72610,Uttar Pradesh,687,1,198,2,20260831,0.01
66649,Uttar Pradesh,687,2,198,2,20260831,0.01
76734,Uttar Pradesh,688,1,260,3,20260831,0.01
80987,Uttar Pradesh,688,2,260,3,20260831,0.01
78781,Uttar Pradesh,688,3,260,3,20260831,0.01
78702,Uttar Pradesh,689,1,474,5,20260831,0.01
85130,Uttar Pradesh,689,2,474,5,20260831,0.01
76671,Uttar Pradesh,689,3,474,5,20260831,0.01
83062,Uttar Pradesh,689,4,474,5,20260831,0.01
83056,Uttar Pradesh,689,5,474,5,20260831,0.01
72711,Uttar Pradesh,690,1,190,2,20260831,0.01
72710,Uttar Pradesh,690,2,190,2,20260831,0.01
45273,Uttar Pradesh,691,1,90,1,20260831,0.01
49323,Uttar Pradesh,692,1,83,1,20260831,0.01
55349,Uttar Pradesh,693,1,126,2,20260831,0.01
57215,Uttar Pradesh,693,2,126,2,20260831,0.01
49370,Uttar Pradesh,694,1,83,1,20260831,0.01
55387,Uttar Pradesh,695,1,82,1,20260831,0.01
51399,Uttar Pradesh,696,1,92,1,20260831,0.01
51455,Uttar Pradesh,697,1,100,1,20260831,0.01
3569,Uttar Pradesh,698,1,530,6,20260831,0.01
6405,Uttar Pradesh,698,2,530,6,20260831,0.01
3570,Uttar Pradesh,698,3,530,6,20260831,0.01
6335,Uttar Pradesh,698,4,530,6,20260831,0.01
6416,Uttar Pradesh,698,5,530,6,20260831,0.01
4928,Uttar Pradesh,698,6,530,6,20260831,0.01
2558,Uttar Pradesh,699,1,718,8,20260831,0.01
1187,Uttar Pradesh,699,2,718,8,20260831,0.01
1690,Uttar Pradesh,699,3,718,8,20260831,0.01
3673,Uttar Pradesh,699,4,718,8,20260831,0.01
1733,Uttar Pradesh,699,5,718,8,20260831,0.01
2480,Uttar Pradesh,699,6,718,8,20260831,0.01
1170,Uttar Pradesh,699,7,718,8,20260831,0.01
1670,Uttar Pradesh,699,8,718,8,20260831,0.01
54634,Uttar Pradesh,700,1,122,2,20260831,0.01
52752,Uttar Pradesh,700,2,122,2,20260831,0.01
50658,Uttar Pradesh,701,1,13,1,20260831,0.01
50666,Uttar Pradesh,702,1,9,1,20260831,0.01
52730,Uttar Pradesh,703,1,11,1,20260831,0.01
52733,Uttar Pradesh,704,1,9,1,20260831,0.01
50639,Uttar Pradesh,705,1,10,1,20260831,0.01
54588,Uttar Pradesh,706,1,149,2,20260831,0.01
54564,Uttar Pradesh,706,2,149,2,20260831,0.01
48637,Uttar Pradesh,707,1,154,2,20260831,0.01
46568,Uttar Pradesh,707,2,154,2,20260831,0.01
48607,Uttar Pradesh,708,1,100,1,20260831,0.01
70002,Uttar Pradesh,709,1,9,1,20260831,0.01
72137,Uttar Pradesh,710,1,128,2,20260831,0.01
72156,Uttar Pradesh,710,2,128,2,20260831,0.01
72036,Uttar Pradesh,711,1,151,2,20260831,0.01
72108,Uttar Pradesh,711,2,151,2,20260831,0.01
66133,Uttar Pradesh,712,1,150,2,20260831,0.01
70082,Uttar Pradesh,712,2,150,2,20260831,0.01
64454,Uttar Pradesh,713,1,76,1,20260831,0.01
68003,Uttar Pradesh,714,1,173,2,20260831,0.01
64423,Uttar Pradesh,714,2,173,2,20260831,0.01
71974,Uttar Pradesh,715,1,215,3,20260831,0.01
69964,Uttar Pradesh,715,2,215,3,20260831,0.01
71973,Uttar Pradesh,715,3,215,3,20260831,0.01
68053,Uttar Pradesh,716,1,28,1,20260831,0.01
62984,Uttar Pradesh,717,1,147,2,20260831,0.01
63001,Uttar Pradesh,717,2,147,2,20260831,0.01
63041,Uttar Pradesh,718,1,174,2,20260831,0.01
68137,Uttar Pradesh,718,2,174,2,20260831,0.01
57128,Uttar Pradesh,719,1,129,2,20260831,0.01
58909,Uttar Pradesh,719,2,129,2,20260831,0.01
60734,Uttar Pradesh,720,1,157,2,20260831,0.01
60740,Uttar Pradesh,720,2,157,2,20260831,0.01
55312,Uttar Pradesh,721,1,131,2,20260831,0.01
55266,Uttar Pradesh,721,2,131,2,20260831,0.01
58853,Uttar Pradesh,722,1,118,2,20260831,0.01
55224,Uttar Pradesh,722,2,118,2,20260831,0.01
57199,Uttar Pradesh,723,1,164,2,20260831,0.01
57192,Uttar Pradesh,723,2,164,2,20260831,0.01
11688,Uttar Pradesh,724,1,445,5,20260831,0.01
20985,Uttar Pradesh,724,2,445,5,20260831,0.01
21003,Uttar Pradesh,724,3,445,5,20260831,0.01
16109,Uttar Pradesh,724,4,445,5,20260831,0.01
18569,Uttar Pradesh,724,5,445,5,20260831,0.01
13921,Uttar Pradesh,725,1,269,3,20260831,0.01
16231,Uttar Pradesh,725,2,269,3,20260831,0.01
21033,Uttar Pradesh,725,3,269,3,20260831,0.01
59663,Uttar Pradesh,726,1,118,2,20260831,0.01
57848,Uttar Pradesh,726,2,118,2,20260831,0.01
55967,Uttar Pradesh,727,1,183,2,20260831,0.01
55963,Uttar Pradesh,727,2,183,2,20260831,0.01
54169,Uttar Pradesh,728,1,202,3,20260831,0.01
54241,Uttar Pradesh,728,2,202,3,20260831,0.01
57801,Uttar Pradesh,728,3,202,3,20260831,0.01
57792,Uttar Pradesh,729,1,119,2,20260831,0.01
59615,Uttar Pradesh,729,2,119,2,20260831,0.01
61163,Uttar Pradesh,730,1,146,2,20260831,0.01
59349,Uttar Pradesh,730,2,146,2,20260831,0.01
64288,Uttar Pradesh,731,1,221,3,20260831,0.01
64318,Uttar Pradesh,731,2,221,3,20260831,0.01
65922,Uttar Pradesh,731,3,221,3,20260831,0.01
64360,Uttar Pradesh,732,1,217,3,20260831,0.01
59273,Uttar Pradesh,732,2,217,3,20260831,0.01
59266,Uttar Pradesh,732,3,217,3,20260831,0.01
67960,Uttar Pradesh,733,1,201,3,20260831,0.01
62925,Uttar Pradesh,733,2,201,3,20260831,0.01
69883,Uttar Pradesh,733,3,201,3,20260831,0.01
62885,Uttar Pradesh,734,1,10,1,20260831,0.01
35813,Uttar Pradesh,735,1,97,1,20260831,0.01
35825,Uttar Pradesh,736,1,109,2,20260831,0.01
38133,Uttar Pradesh,736,2,109,2,20260831,0.01
31260,Uttar Pradesh,737,1,96,1,20260831,0.01
31262,Uttar Pradesh,738,1,84,1,20260831,0.01
96529,Uttar Pradesh,739,1,169,2,20260831,0.01
92696,Uttar Pradesh,739,2,169,2,20260831,0.01
88634,Uttar Pradesh,740,1,121,2,20260831,0.01
88661,Uttar Pradesh,740,2,121,2,20260831,0.01
90716,Uttar Pradesh,741,1,5,1,20260831,0.01
92609,Uttar Pradesh,742,1,26,1,20260831,0.01
90689,Uttar Pradesh,743,1,31,1,20260831,0.01
94485,Uttar Pradesh,744,1,113,2,20260831,0.01
96482,Uttar Pradesh,744,2,113,2,20260831,0.01
94481,Uttar Pradesh,745,1,136,2,20260831,0.01
96429,Uttar Pradesh,745,2,136,2,20260831,0.01
12321,Uttar Pradesh,746,1,368,4,20260831,0.01
8286,Uttar Pradesh,746,2,368,4,20260831,0.01
6592,Uttar Pradesh,746,3,368,4,20260831,0.01
14458,Uttar Pradesh,746,4,368,4,20260831,0.01
12516,Uttar Pradesh,747,1,93,1,20260831,0.01
14540,Uttar Pradesh,748,1,157,2,20260831,0.01
12330,Uttar Pradesh,748,2,157,2,20260831,0.01
10325,Uttar Pradesh,749,1,360,4,20260831,0.01
8353,Uttar Pradesh,749,2,360,4,20260831,0.01
8413,Uttar Pradesh,749,3,360,4,20260831,0.01
6798,Uttar Pradesh,749,4,360,4,20260831,0.01
14515,Uttar Pradesh,750,1,60,1,20260831,0.01
84650,Uttar Pradesh,751,1,154,2,20260831,0.01
82484,Uttar Pradesh,751,2,154,2,20260831,0.01
82582,Uttar Pradesh,752,1,89,1,20260831,0.01
78274,Uttar Pradesh,753,1,94,1,20260831,0.01
88891,Uttar Pradesh,754,1,108,2,20260831,0.01
92855,Uttar Pradesh,754,2,108,2,20260831,0.01
86859,Uttar Pradesh,755,1,164,2,20260831,0.01
88947,Uttar Pradesh,755,2,164,2,20260831,0.01
88883,Uttar Pradesh,756,1,7,1,20260831,0.01
92906,Uttar Pradesh,757,1,45,1,20260831,0.01
88854,Uttar Pradesh,758,1,91,1,20260831,0.01
94777,Uttar Pradesh,759,1,130,2,20260831,0.01
96730,Uttar Pradesh,759,2,130,2,20260831,0.01
96448,Uttar Pradesh,760,1,135,2,20260831,0.01
98437,Uttar Pradesh,760,2,135,2,20260831,0.01
100584,Uttar Pradesh,761,1,118,2,20260831,0.01
100589,Uttar Pradesh,761,2,118,2,20260831,0.01
104581,Uttar Pradesh,762,1,126,2,20260831,0.01
104616,Uttar Pradesh,762,2,126,2,20260831,0.01
98480,Uttar Pradesh,763,1,119,2,20260831,0.01
96489,Uttar Pradesh,763,2,119,2,20260831,0.01
102709,Uttar Pradesh,764,1,135,2,20260831,0.01
102712,Uttar Pradesh,764,2,135,2,20260831,0.01
100616,Uttar Pradesh,765,1,20,1,20260831,0.01
102655,Uttar Pradesh,766,1,120,2,20260831,0.01
104709,Uttar Pradesh,766,2,120,2,20260831,0.01
98399,Uttar Pradesh,767,1,57,1,20260831,0.01
100495,Uttar Pradesh,768,1,111,2,20260831,0.01
102581,Uttar Pradesh,768,2,111,2,20260831,0.01
85025,Uttar Pradesh,769,1,295,3,20260831,0.01
87087,Uttar Pradesh,769,2,295,3,20260831,0.01
87078,Uttar Pradesh,769,3,295,3,20260831,0.01
76486,Uttar Pradesh,770,1,144,2,20260831,0.01
76515,Uttar Pradesh,770,2,144,2,20260831,0.01
89143,Uttar Pradesh,771,1,106,2,20260831,0.01
84975,Uttar Pradesh,771,2,106,2,20260831,0.01
82986,Uttar Pradesh,772,1,307,4,20260831,0.01
82916,Uttar Pradesh,772,2,307,4,20260831,0.01
85116,Uttar Pradesh,772,3,307,4,20260831,0.01
89204,Uttar Pradesh,772,4,307,4,20260831,0.01
28533,Uttar Pradesh,773,1,140,2,20260831,0.01
30808,Uttar Pradesh,773,2,140,2,20260831,0.01
33089,Uttar Pradesh,774,1,137,2,20260831,0.01
28599,Uttar Pradesh,774,2,137,2,20260831,0.01
23841,Uttar Pradesh,775,1,137,2,20260831,0.01
26202,Uttar Pradesh,775,2,137,2,20260831,0.01
31000,Uttar Pradesh,776,1,119,2,20260831,0.01
30942,Uttar Pradesh,776,2,119,2,20260831,0.01
33170,Uttar Pradesh,777,1,92,1,20260831,0.01
35327,Uttar Pradesh,778,1,105,2,20260831,0.01
33098,Uttar Pradesh,778,2,105,2,20260831,0.01
26314,Uttar Pradesh,779,1,101,2,20260831,0.01
26298,Uttar Pradesh,779,2,101,2,20260831,0.01
39876,Uttar Pradesh,780,1,185,2,20260831,0.01
44578,Uttar Pradesh,780,2,185,2,20260831,0.01
39862,Uttar Pradesh,781,1,158,2,20260831,0.01
39856,Uttar Pradesh,781,2,158,2,20260831,0.01
35241,Uttar Pradesh,782,1,117,2,20260831,0.01
35274,Uttar Pradesh,782,2,117,2,20260831,0.01
37606,Uttar Pradesh,783,1,146,2,20260831,0.01
35300,Uttar Pradesh,783,2,146,2,20260831,0.01
37452,Uttar Pradesh,784,1,160,2,20260831,0.01
35117,Uttar Pradesh,784,2,160,2,20260831,0.01
42256,Uttar Pradesh,785,1,151,2,20260831,0.01
44604,Uttar Pradesh,785,2,151,2,20260831,0.01
32932,Uttar Pradesh,786,1,130,2,20260831,0.01
28425,Uttar Pradesh,786,2,130,2,20260831,0.01
86934,Uttar Pradesh,787,1,191,2,20260831,0.01
89036,Uttar Pradesh,787,2,191,2,20260831,0.01
88948,Uttar Pradesh,788,1,143,2,20260831,0.01
91010,Uttar Pradesh,788,2,143,2,20260831,0.01
84802,Uttar Pradesh,789,1,109,2,20260831,0.01
82667,Uttar Pradesh,789,2,109,2,20260831,0.01
86854,Uttar Pradesh,790,1,30,1,20260831,0.01
91047,Uttar Pradesh,791,1,101,2,20260831,0.01
92973,Uttar Pradesh,791,2,101,2,20260831,0.01
116652,Uttar Pradesh,792,1,269,3,20260831,0.01
116641,Uttar Pradesh,792,2,269,3,20260831,0.01
118635,Uttar Pradesh,792,3,269,3,20260831,0.01
104741,Uttar Pradesh,793,1,114,2,20260831,0.01
104707,Uttar Pradesh,793,2,114,2,20260831,0.01
108528,Uttar Pradesh,794,1,151,2,20260831,0.01
106628,Uttar Pradesh,794,2,151,2,20260831,0.01
112505,Uttar Pradesh,795,1,153,2,20260831,0.01
110521,Uttar Pradesh,795,2,153,2,20260831,0.01
110564,Uttar Pradesh,796,1,126,2,20260831,0.01
108607,Uttar Pradesh,796,2,126,2,20260831,0.01
112591,Uttar Pradesh,797,1,86,1,20260831,0.01
110575,Uttar Pradesh,798,1,10,1,20260831,0.01
45027,Uttar Pradesh,799,1,120,2,20260831,0.01
45015,Uttar Pradesh,799,2,120,2,20260831,0.01
51156,Uttar Pradesh,800,1,104,2,20260831,0.01
49129,Uttar Pradesh,800,2,104,2,20260831,0.01
53285,Uttar Pradesh,801,1,142,2,20260831,0.01
53264,Uttar Pradesh,801,2,142,2,20260831,0.01
14514,Uttar Pradesh,802,1,51,1,20260831,0.01
19289,Uttar Pradesh,803,1,98,1,20260831,0.01
14497,Uttar Pradesh,804,1,78,1,20260831,0.01
68532,Uttar Pradesh,805,1,207,3,20260831,0.01
70434,Uttar Pradesh,805,2,207,3,20260831,0.01
66564,Uttar Pradesh,805,3,207,3,20260831,0.01
64816,Uttar Pradesh,806,1,142,2,20260831,0.01
64818,Uttar Pradesh,806,2,142,2,20260831,0.01
66447,Uttar Pradesh,807,1,200,2,20260831,0.01
68406,Uttar Pradesh,807,2,200,2,20260831,0.01
78609,Uttar Pradesh,808,1,282,3,20260831,0.01
76559,Uttar Pradesh,808,2,282,3,20260831,0.01
80801,Uttar Pradesh,808,3,282,3,20260831,0.01
70471,Uttar Pradesh,809,1,48,1,20260831,0.01
74503,Uttar Pradesh,810,1,158,2,20260831,0.01
74480,Uttar Pradesh,810,2,158,2,20260831,0.01
65473,Uttar Pradesh,811,1,263,3,20260831,0.01
68993,Uttar Pradesh,811,2,263,3,20260831,0.01
65425,Uttar Pradesh,811,3,263,3,20260831,0.01
65409,Uttar Pradesh,812,1,196,2,20260831,0.01
65408,Uttar Pradesh,812,2,196,2,20260831,0.01
56998,Uttar Pradesh,813,1,114,2,20260831,0.01
57011,Uttar Pradesh,813,2,114,2,20260831,0.01
56900,Uttar Pradesh,814,1,147,2,20260831,0.01
56970,Uttar Pradesh,814,2,147,2,20260831,0.01
60542,Uttar Pradesh,815,1,113,2,20260831,0.01
60580,Uttar Pradesh,815,2,113,2,20260831,0.01
62494,Uttar Pradesh,816,1,145,2,20260831,0.01
62495,Uttar Pradesh,816,2,145,2,20260831,0.01
62467,Uttar Pradesh,817,1,164,2,20260831,0.01
60647,Uttar Pradesh,817,2,164,2,20260831,0.01
60094,Uttar Pradesh,818,1,143,2,20260831,0.01
61904,Uttar Pradesh,818,2,143,2,20260831,0.01
66822,Uttar Pradesh,819,1,143,2,20260831,0.01
63669,Uttar Pradesh,819,2,143,2,20260831,0.01
65215,Uttar Pradesh,820,1,162,2,20260831,0.01
65205,Uttar Pradesh,820,2,162,2,20260831,0.01
58336,Uttar Pradesh,821,1,125,2,20260831,0.01
58324,Uttar Pradesh,821,2,125,2,20260831,0.01
66747,Uttar Pradesh,822,1,196,2,20260831,0.01
66733,Uttar Pradesh,822,2,196,2,20260831,0.01
61872,Uttar Pradesh,823,1,159,2,20260831,0.01
61805,Uttar Pradesh,823,2,159,2,20260831,0.01
63788,Uttar Pradesh,824,1,168,2,20260831,0.01
60202,Uttar Pradesh,824,2,168,2,20260831,0.01
58237,Uttar Pradesh,825,1,148,2,20260831,0.01
60136,Uttar Pradesh,825,2,148,2,20260831,0.01
63637,Uttar Pradesh,826,1,66,1,20260831,0.01
562,Uttar Pradesh,827,1,541,6,20260831,0.01
891,Uttar Pradesh,827,2,541,6,20260831,0.01
108,Uttar Pradesh,827,3,541,6,20260831,0.01
224,Uttar Pradesh,827,4,541,6,20260831,0.01
587,Uttar Pradesh,827,5,541,6,20260831,0.01
618,Uttar Pradesh,827,6,541,6,20260831,0.01
5157,Uttar Pradesh,828,1,267,3,20260831,0.01
3845,Uttar Pradesh,828,2,267,3,20260831,0.01
3968,Uttar Pradesh,828,3,267,3,20260831,0.01
1215,Uttar Pradesh,829,1,361,4,20260831,0.01
1892,Uttar Pradesh,829,2,361,4,20260831,0.01
2610,Uttar Pradesh,829,3,361,4,20260831,0.01
2669,Uttar Pradesh,829,4,361,4,20260831,0.01
2711,Uttar Pradesh,830,1,421,5,20260831,0.01
1918,Uttar Pradesh,830,2,421,5,20260831,0.01
4012,Uttar Pradesh,830,3,421,5,20260831,0.01
1369,Uttar Pradesh,830,4,421,5,20260831,0.01
2684,Uttar Pradesh,830,5,421,5,20260831,0.01
35373,Uttar Pradesh,831,1,136,2,20260831,0.01
33123,Uttar Pradesh,831,2,136,2,20260831,0.01
37672,Uttar Pradesh,832,1,171,2,20260831,0.01
40000,Uttar Pradesh,832,2,171,2,20260831,0.01
40015,Uttar Pradesh,833,1,141,2,20260831,0.01
44728,Uttar Pradesh,833,2,141,2,20260831,0.01
42337,Uttar Pradesh,834,1,105,2,20260831,0.01
44703,Uttar Pradesh,834,2,105,2,20260831,0.01
35571,Uttar Pradesh,835,1,108,2,20260831,0.01
33256,Uttar Pradesh,835,2,108,2,20260831,0.01
37758,Uttar Pradesh,836,1,120,2,20260831,0.01
35486,Uttar Pradesh,836,2,120,2,20260831,0.01
40106,Uttar Pradesh,837,1,143,2,20260831,0.01
40122,Uttar Pradesh,837,2,143,2,20260831,0.01
42442,Uttar Pradesh,838,1,76,1,20260831,0.01
50502,Uttar Pradesh,839,1,161,2,20260831,0.01
50465,Uttar Pradesh,839,2,161,2,20260831,0.01
35100,Uttar Pradesh,840,1,208,3,20260831,0.01
37416,Uttar Pradesh,840,2,208,3,20260831,0.01
37385,Uttar Pradesh,840,3,208,3,20260831,0.01
48526,Uttar Pradesh,841,1,170,2,20260831,0.01
52625,Uttar Pradesh,841,2,170,2,20260831,0.01
44417,Uttar Pradesh,842,1,230,3,20260831,0.01
42092,Uttar Pradesh,842,2,230,3,20260831,0.01
44450,Uttar Pradesh,842,3,230,3,20260831,0.01
48451,Uttar Pradesh,843,1,161,2,20260831,0.01
48465,Uttar Pradesh,843,2,161,2,20260831,0.01
44346,Uttar Pradesh,844,1,102,2,20260831,0.01
44352,Uttar Pradesh,844,2,102,2,20260831,0.01
21805,Uttar Pradesh,845,1,70,1,20260831,0.01
19352,Uttar Pradesh,846,1,83,1,20260831,0.01
17016,Uttar Pradesh,847,1,45,1,20260831,0.01
16982,Uttar Pradesh,848,1,61,1,20260831,0.01
19460,Uttar Pradesh,849,1,55,1,20260831,0.01
14650,Uttar Pradesh,850,1,8,1,20260831,0.01
17041,Uttar Pradesh,851,1,12,1,20260831,0.01
17009,Uttar Pradesh,852,1,7,1,20260831,0.01
