type,reference,main_tex_lines,status,package_source,generator_files_exist,output_exists
figure,figures/2020_Indian_farmers_protest.jpg,716,static_asset,externally supplied photograph,,
figure,figures/5km_plot.png,712,generated,python/generate_protest_figures.py,true,
figure,figures/_app_16_polischar_fe12_evst_all_rural_acpop_1_ori.png,1529,generated,_app_16_polischar_fe12_evst_all.do; plotting_event_studies.R,true,
figure,figures/_app_16_polischar_fe12_evst_all_rural_acpop_1_rot_honest2.png,1536,generated,_app_16_polischar_fe12_evst_all.do; plotting_event_studies.R,true,
figure,figures/_app_16_polischar_fe12_evst_all_rural_acpop_1_rotated.png,"850,1533",generated,_app_16_polischar_fe12_evst_all.do; plotting_event_studies.R,true,
figure,figures/_app_16_polischar_fe12_evst_all_rural_acpop_riceP_5_rotated.png,1571,generated,_app_16_polischar_fe12_evst_all.do; plotting_event_studies.R,true,
figure,figures/_app_17_5km_fe12_evst_all_rural_acpop_1_honest2.png,1470,generated,_app_17_5km_fe12_evst_all.do; plotting_event_studies.R,true,
figure,figures/_app_17_5km_fe12_evst_all_rural_acpop_1_ori.png,1463,generated,_app_17_5km_fe12_evst_all.do; plotting_event_studies.R,true,
figure,figures/_app_17_5km_fe12_evst_all_rural_acpop_1_rotated.png,"723,1467",generated,_app_17_5km_fe12_evst_all.do; plotting_event_studies.R,true,
figure,figures/_app_18_protest_5km_fe12_did_downup_plot_rural_acpop_1.png,727,generated,_app_18_protest_5km_fe12_did_downup_plot.do; _generate_interaction_plots.do; interaction_graph.ado,true,
figure,figures/_app_19_polischar_fe12_did_downup_inter_plot_rural_acpop_1.png,855,generated,_app_19_polischar_fe12_did_downup_inter_plot.do; _generate_interaction_plots.do; interaction_graph.ado,true,
figure,figures/ac_protest_plot.png,1390,generated,python/generate_protest_figures.py,true,
figure,figures/acs_grids_radius12km.png,1100,generated,python/generate_design_maps.py,true,
figure,figures/cnn.png,94,static_asset,externally supplied illustration,,
figure,figures/downup_evtime_hist.png,1093,generated,python/generate_descriptive_figures.py,true,
figure,figures/map_grids.png,357,generated,python/generate_design_maps.py,true,
figure,figures/march2013_plot.png,370,generated,python/generate_design_maps.py,true,
figure,figures/monthly_fires.png,1066,generated,python/generate_descriptive_figures.py,true,
figure,figures/monthly_wind_direction.png,1067,generated,python/generate_descriptive_figures.py,true,
figure,figures/myneta_example2.png,846,static_asset,externally supplied MyNeta screenshot,,
figure,figures/neighbor_output.pdf,501,generated,_main_6_neighbour.do; _main_6_neighbour_plot.do,true,
figure,figures/october2013_plot.png,371,generated,python/generate_design_maps.py,true,
figure,figures/panel_A_downwind.png,364,generated,python/generate_design_maps.py,true,
figure,figures/panel_B_downwind.png,366,generated,python/generate_design_maps.py,true,
figure,figures/panel_C_upwind.png,365,generated,python/generate_design_maps.py,true,
figure,figures/panelview_self_profession.png,842,generated,python/generate_descriptive_figures.py,true,
figure,figures/protests_monthly_bars.png,1370,generated,python/generate_protest_figures.py,true,
figure,figures/rices_grids_150dpi_q75.pdf,1077,static_asset,externally supplied/compressed rice map,,
figure,figures/stacked_event_study_5pre_rural_1_rotated.png,1265,generated,_main_2_stacked_event_study_5pre_area.do; plotting_event_studies.R,true,
figure,figures/stacked_event_study_pop_5pre_rural_1_ori.png,1231,generated,_main_2_stacked_event_study_5pre.do; plotting_event_studies.R,true,
figure,figures/stacked_event_study_pop_5pre_rural_1_rot_honest2.png,1236,generated,_main_2_stacked_event_study_5pre.do; plotting_event_studies.R,true,
figure,figures/stacked_event_study_pop_5pre_rural_1_rotated.png,"455,1233",generated,_main_2_stacked_event_study_5pre.do; plotting_event_studies.R,true,
figure,figures/stacked_event_study_pop_5pre_rural_riceP_rotated,1299,generated,_main_2_stacked_event_study_5pre.do; plotting_event_studies.R,true,
table,tables/_app_11_placebo_pop_13km_rural,1313,generated,_app_11_placebo_pop_13km.do; _generate_all_tables.do,true,
table,tables/_app_6_main_did_treat_definition_rural_acpop_new,1142,generated,_app_6_main_did_treat_definition.do; _generate_all_tables.do,true,
table,tables/_app_6_main_did_treat_definition_rural_acpop_new2,1157,generated,_app_6_main_did_treat_definition.do; _generate_all_tables.do,true,
table,tables/_app_6_main_did_treat_definition_rural_acpop_new3,1167,generated,_app_6_main_did_treat_definition.do; _generate_all_tables.do,true,
table,tables/_app_7_main_did_downup_area_ac_dv_rural_acpop,1178,generated,_app_7_main_did_downup_area_ac_dv.do; _generate_all_tables.do,true,
table,tables/_app_8_main_did_by_year_rural_acpop,1204,generated,_app_8_main_did_by_year.do; _generate_all_tables.do,true,
table,tables/_app_9_main_did_by_state_rural_acpop,1216,generated,_app_9_main_did_by_state.do; _generate_all_tables.do,true,
table,tables/_main_3_bureau_polisc_did_rural_acpop,460,generated,_main_3_bureau_polisc_did.do; _generate_all_tables.do,true,
table,tables/_main_4_protest_5km_fe12_did_downup_rural_acpop_new,1446,generated,_main_4_protest_5km_fe12_did_downup.do; _generate_all_tables.do,true,
table,tables/_main_5_polischar_fe12_did_downup_inter_rural_acpop.tex,1600,generated,_main_5_polischar_fe12_did_downup_inter.do; _generate_all_tables.do,true,
table,tables/_politicians_stacked_descriptive,1493,generated,app_polischar_descriptive.do,true,
table,tables/_protest_stacked_descriptive.tex,1338,generated,app_5km_descriptive.do,true,
table,tables/action_final5,587,code_not_found,No generating code located in this package or the original package,,
table,tables/action_final6,603,code_not_found,No generating code located in this package or the original package,,
table,tables/action_final7,619,code_not_found,No generating code located in this package or the original package,,
table,tables/action_final8,635,code_not_found,No generating code located in this package or the original package,,
table,tables/action_final_additional_disha,2031,code_not_found,No generating code located in this package or the original package,,
table,tables/descriptives_main,1052,generated,app_main_descriptive.do,true,
table,tables/main_did_downup_ac_rural_acpop,450,generated,_main_1_did.do; _generate_all_tables.do,true,
